<annotation>
	<folder>20220330154434_ch01&#39044;&#32622;&#28857;010</folder>
	<filename>20.jpg</filename>
	<path>D:\User\Desktop\&#34411;&#23376;\bp6\20220330154434_ch01&#39044;&#32622;&#28857;010\20.jpg</path>
	<source>
		<database>Unknown</database>
	</source>
	<size>
		<width>512</width>
		<height>512</height>
		<depth>3</depth>
	</size>
	<segmented>0</segmented>
	<object>
		<name>sz</name>
		<pose>Unspecified</pose>
		<truncated>0</truncated>
		<difficult>0</difficult>
		<bndbox>
			<xmin>374</xmin>
			<ymin>404</ymin>
			<xmax>425</xmax>
			<ymax>469</ymax>
		</bndbox>
	</object>
	</annotation>