<annotation>
	<folder>raw_data</folder>
	<filename>20230215093742Preset008.jpg</filename>
	<path>C:\Users\wangxvxv0522\Desktop\aaa\raw_data\20230215093742Preset008.jpg</path>
	<source>
		<database>Unknown</database>
	</source>
	<size>
		<width>512</width>
		<height>512</height>
		<depth>3</depth>
	</size>
	<segmented>0</segmented>
	<object>
		<name>rd</name>
		<pose>Unspecified</pose>
		<truncated>0</truncated>
		<difficult>0</difficult>
		<bndbox>
			<xmin>460</xmin>
			<ymin>381</ymin>
			<xmax>502</xmax>
			<ymax>404</ymax>
		</bndbox>
	</object>
	<object>
		<name>rd</name>
		<pose>Unspecified</pose>
		<truncated>0</truncated>
		<difficult>0</difficult>
		<bndbox>
			<xmin>301</xmin>
			<ymin>337</ymin>
			<xmax>328</xmax>
			<ymax>375</ymax>
		</bndbox>
	</object>
	<object>
		<name>rd</name>
		<pose>Unspecified</pose>
		<truncated>0</truncated>
		<difficult>0</difficult>
		<bndbox>
			<xmin>226</xmin>
			<ymin>433</ymin>
			<xmax>266</xmax>
			<ymax>462</ymax>
		</bndbox>
	</object>
	<object>
		<name>rd</name>
		<pose>Unspecified</pose>
		<truncated>0</truncated>
		<difficult>0</difficult>
		<bndbox>
			<xmin>182</xmin>
			<ymin>309</ymin>
			<xmax>216</xmax>
			<ymax>330</ymax>
		</bndbox>
	</object>
	<object>
		<name>rd</name>
		<pose>Unspecified</pose>
		<truncated>0</truncated>
		<difficult>0</difficult>
		<bndbox>
			<xmin>58</xmin>
			<ymin>313</ymin>
			<xmax>98</xmax>
			<ymax>341</ymax>
		</bndbox>
	</object>
	<object>
		<name>tc</name>
		<pose>Unspecified</pose>
		<truncated>0</truncated>
		<difficult>0</difficult>
		<bndbox>
			<xmin>118</xmin>
			<ymin>250</ymin>
			<xmax>152</xmax>
			<ymax>286</ymax>
		</bndbox>
	</object>
</annotation>