<annotation>
	<folder>20220330163715_ch01&#39044;&#32622;&#28857;E4</folder>
	<filename>85.jpg</filename>
	<path>D:\User\Desktop\&#34411;&#23376;\bp6\20220330163715_ch01&#39044;&#32622;&#28857;E4\85.jpg</path>
	<source>
		<database>Unknown</database>
	</source>
	<size>
		<width>512</width>
		<height>512</height>
		<depth>3</depth>
	</size>
	<segmented>0</segmented>
	<object>
		<name>sz</name>
		<pose>Unspecified</pose>
		<truncated>0</truncated>
		<difficult>1</difficult>
		<bndbox>
			<xmin>53</xmin>
			<ymin>379</ymin>
			<xmax>124</xmax>
			<ymax>442</ymax>
		</bndbox>
	</object>
</annotation>