<annotation>
	<folder>raw_data</folder>
	<filename>20230215133624Preset010.jpg</filename>
	<path>C:\Users\wangxvxv0522\Desktop\aaa\202302151334_corn_hk2\raw_data\20230215133624Preset010.jpg</path>
	<source>
		<database>Unknown</database>
	</source>
	<size>
		<width>512</width>
		<height>512</height>
		<depth>3</depth>
	</size>
	<segmented>0</segmented>
	<object>
		<name>tc</name>
		<pose>Unspecified</pose>
		<truncated>0</truncated>
		<difficult>0</difficult>
		<bndbox>
			<xmin>380</xmin>
			<ymin>476</ymin>
			<xmax>394</xmax>
			<ymax>501</ymax>
		</bndbox>
	</object>
	<object>
		<name>tc</name>
		<pose>Unspecified</pose>
		<truncated>0</truncated>
		<difficult>0</difficult>
		<bndbox>
			<xmin>189</xmin>
			<ymin>280</ymin>
			<xmax>219</xmax>
			<ymax>303</ymax>
		</bndbox>
	</object>
</annotation>