<annotation>
	<folder>20220330154434_ch01&#39044;&#32622;&#28857;010</folder>
	<filename>105.jpg</filename>
	<path>D:\User\Desktop\&#34411;&#23376;\bp6\20220330154434_ch01&#39044;&#32622;&#28857;010\105.jpg</path>
	<source>
		<database>Unknown</database>
	</source>
	<size>
		<width>512</width>
		<height>512</height>
		<depth>3</depth>
	</size>
	<segmented>0</segmented>
	<object>
		<name>sz</name>
		<pose>Unspecified</pose>
		<truncated>0</truncated>
		<difficult>1</difficult>
		<bndbox>
			<xmin>153</xmin>
			<ymin>362</ymin>
			<xmax>209</xmax>
			<ymax>409</ymax>
		</bndbox>
	</object>
</annotation>