<annotation>
	<folder>20220329190743_ch01&#39044;&#32622;&#28857;F6</folder>
	<filename>180.jpg</filename>
	<path>C:\Users\&#37073;&#36132;&#36132;\Desktop\bp2\0329_w1\w1\20220329190743_ch01&#39044;&#32622;&#28857;F6\180.jpg</path>
	<source>
		<database>Unknown</database>
	</source>
	<size>
		<width>512</width>
		<height>512</height>
		<depth>3</depth>
	</size>
	<segmented>0</segmented>
	<object>
		<name>sz</name>
		<pose>Unspecified</pose>
		<truncated>0</truncated>
		<difficult>0</difficult>
		<bndbox>
			<xmin>35</xmin>
			<ymin>73</ymin>
			<xmax>140</xmax>
			<ymax>167</ymax>
		</bndbox>
	</object>
</annotation>