<annotation>
	<folder>raw_data</folder>
	<filename>20230215134640Preset068.jpg</filename>
	<path>C:\Users\wangxvxv0522\Desktop\aaa\202302151334_corn_hk2\raw_data\20230215134640Preset068.jpg</path>
	<source>
		<database>Unknown</database>
	</source>
	<size>
		<width>512</width>
		<height>512</height>
		<depth>3</depth>
	</size>
	<segmented>0</segmented>
	<object>
		<name>rd</name>
		<pose>Unspecified</pose>
		<truncated>0</truncated>
		<difficult>0</difficult>
		<bndbox>
			<xmin>9</xmin>
			<ymin>169</ymin>
			<xmax>30</xmax>
			<ymax>193</ymax>
		</bndbox>
	</object>
	<object>
		<name>rd</name>
		<pose>Unspecified</pose>
		<truncated>0</truncated>
		<difficult>0</difficult>
		<bndbox>
			<xmin>298</xmin>
			<ymin>349</ymin>
			<xmax>315</xmax>
			<ymax>371</ymax>
		</bndbox>
	</object>
	<object>
		<name>rd</name>
		<pose>Unspecified</pose>
		<truncated>0</truncated>
		<difficult>0</difficult>
		<bndbox>
			<xmin>310</xmin>
			<ymin>365</ymin>
			<xmax>325</xmax>
			<ymax>388</ymax>
		</bndbox>
	</object>
</annotation>