<annotation>
	<folder>20220329180652_ch01&#39044;&#32622;&#28857;D1</folder>
	<filename>55.jpg</filename>
	<path>C:\Shreds\&#25968;&#25454;&#38598;\&#31532;&#20108;&#27425;\bp1\0329\n1\20220329180652_ch01&#39044;&#32622;&#28857;D1\55.jpg</path>
	<source>
		<database>Unknown</database>
	</source>
	<size>
		<width>512</width>
		<height>512</height>
		<depth>3</depth>
	</size>
	<segmented>0</segmented>
	<object>
		<name>rd</name>
		<pose>Unspecified</pose>
		<truncated>0</truncated>
		<difficult>0</difficult>
		<bndbox>
			<xmin>412</xmin>
			<ymin>94</ymin>
			<xmax>427</xmax>
			<ymax>129</ymax>
		</bndbox>
	</object>
</annotation>