<annotation>
	<folder>&#20462;&#25913;</folder>
	<filename>017201.jpg</filename>
	<path>F:\&#20013;&#20648;&#31918;&#38598;&#22242;&#20844;&#21496;&#39033;&#30446;&#8220;&#22522;&#20110;&#20154;&#24037;&#26234;&#33021;&#21644;&#22823;&#25968;&#25454;&#25216;&#26415;&#30340;&#31918;&#24211;&#35270;&#39057;&#30417;&#25511;&#25216;&#26415;&#21319;&#32423;&#8221;\&#23475;&#34411;&#26631;&#27880;\VOC_qbj_&#31532;&#19968;&#21644;&#31532;&#20108;&#27425;&#26631;&#35760;&#25968;&#25454;&#26680;&#23454;\&#20462;&#25913;\017201.jpg</path>
	<source>
		<database>Unknown</database>
	</source>
	<size>
		<width>512</width>
		<height>512</height>
		<depth>3</depth>
	</size>
	<segmented>0</segmented>
	<object>
		<name>rd</name>
		<pose>Unspecified</pose>
		<truncated>0</truncated>
		<difficult>0</difficult>
		<bndbox>
			<xmin>143</xmin>
			<ymin>188</ymin>
			<xmax>188</xmax>
			<ymax>223</ymax>
		</bndbox>
	</object>
	<object>
		<name>rd</name>
		<pose>Unspecified</pose>
		<truncated>0</truncated>
		<difficult>0</difficult>
		<bndbox>
			<xmin>217</xmin>
			<ymin>166</ymin>
			<xmax>255</xmax>
			<ymax>192</ymax>
		</bndbox>
	</object>
</annotation>