<annotation>
	<folder>20220330162857_ch01&#39044;&#32622;&#28857;E6</folder>
	<filename>260.jpg</filename>
	<path>D:\User\Desktop\&#34411;&#23376;\bp6\20220330162857_ch01&#39044;&#32622;&#28857;E6\260.jpg</path>
	<source>
		<database>Unknown</database>
	</source>
	<size>
		<width>512</width>
		<height>512</height>
		<depth>3</depth>
	</size>
	<segmented>0</segmented>
	<object>
		<name>sz</name>
		<pose>Unspecified</pose>
		<truncated>0</truncated>
		<difficult>1</difficult>
		<bndbox>
			<xmin>38</xmin>
			<ymin>144</ymin>
			<xmax>101</xmax>
			<ymax>233</ymax>
		</bndbox>
	</object>
	<object>
		<name>sz</name>
		<pose>Unspecified</pose>
		<truncated>0</truncated>
		<difficult>1</difficult>
		<bndbox>
			<xmin>304</xmin>
			<ymin>179</ymin>
			<xmax>367</xmax>
			<ymax>229</ymax>
		</bndbox>
	</object>
</annotation>