<annotation>
	<folder>20220411163358_ch01</folder>
	<filename>145.jpg</filename>
	<path>F:\rd1\20220411163358_ch01\145.jpg</path>
	<source>
		<database>Unknown</database>
	</source>
	<size>
		<width>512</width>
		<height>512</height>
		<depth>3</depth>
	</size>
	<segmented>0</segmented>
	<object>
		<name>rd</name>
		<pose>Unspecified</pose>
		<truncated>0</truncated>
		<difficult>0</difficult>
		<bndbox>
			<xmin>363</xmin>
			<ymin>401</ymin>
			<xmax>404</xmax>
			<ymax>482</ymax>
		</bndbox>
	</object>
</annotation>