<annotation>
	<folder>20220329175819_ch01&#39044;&#32622;&#28857;C1</folder>
	<filename>10.jpg</filename>
	<path>C:\Users\97651\Desktop\&#23475;&#34411;&#22270;&#20687;&#25968;&#25454;\&#25968;&#25454;&#38598;version0\&#34917;&#25293;&#26631;&#27880;&#25968;&#25454;\0329-0330\bp1\0329\n1\20220329175819_ch01&#39044;&#32622;&#28857;C1\10.jpg</path>
	<source>
		<database>Unknown</database>
	</source>
	<size>
		<width>512</width>
		<height>512</height>
		<depth>3</depth>
	</size>
	<segmented>0</segmented>
	<object>
		<name>tc</name>
		<pose>Unspecified</pose>
		<truncated>1</truncated>
		<difficult>0</difficult>
		<bndbox>
			<xmin>307</xmin>
			<ymin>1</ymin>
			<xmax>343</xmax>
			<ymax>40</ymax>
		</bndbox>
	</object>
	<object>
		<name>tc</name>
		<pose>Unspecified</pose>
		<truncated>0</truncated>
		<difficult>1</difficult>
		<bndbox>
			<xmin>298</xmin>
			<ymin>297</ymin>
			<xmax>335</xmax>
			<ymax>314</ymax>
		</bndbox>
	</object>
	<object>
		<name>tc</name>
		<pose>Unspecified</pose>
		<truncated>0</truncated>
		<difficult>0</difficult>
		<bndbox>
			<xmin>275</xmin>
			<ymin>301</ymin>
			<xmax>313</xmax>
			<ymax>328</ymax>
		</bndbox>
	</object>
	</annotation>