<annotation>
	<folder>raw_data_wheat_hk1</folder>
	<filename>20230215104646Preset092.jpg</filename>
	<path>C:\Users\ljt\Desktop\raw_data_wheat_hk1\20230215104646Preset092.jpg</path>
	<source>
		<database>Unknown</database>
	</source>
	<size>
		<width>512</width>
		<height>512</height>
		<depth>3</depth>
	</size>
	<segmented>0</segmented>
	<object>
		<name>tc</name>
		<pose>Unspecified</pose>
		<truncated>0</truncated>
		<difficult>0</difficult>
		<bndbox>
			<xmin>230</xmin>
			<ymin>402</ymin>
			<xmax>242</xmax>
			<ymax>426</ymax>
		</bndbox>
	</object>
	<object>
		<name>tc</name>
		<pose>Unspecified</pose>
		<truncated>0</truncated>
		<difficult>0</difficult>
		<bndbox>
			<xmin>336</xmin>
			<ymin>135</ymin>
			<xmax>352</xmax>
			<ymax>157</ymax>
		</bndbox>
	</object>
	</annotation>