<annotation>
	<folder>20220330111518_ch01&#39044;&#32622;&#28857;007</folder>
	<filename>250.jpg</filename>
	<path>F:\bp4\0330_lk_&#23567;&#30424;\20220330111518_ch01&#39044;&#32622;&#28857;007\250.jpg</path>
	<source>
		<database>Unknown</database>
	</source>
	<size>
		<width>512</width>
		<height>512</height>
		<depth>3</depth>
	</size>
	<segmented>0</segmented>
	<object>
		<name>os</name>
		<pose>Unspecified</pose>
		<truncated>0</truncated>
		<difficult>0</difficult>
		<bndbox>
			<xmin>62</xmin>
			<ymin>401</ymin>
			<xmax>134</xmax>
			<ymax>469</ymax>
		</bndbox>
	</object>
</annotation>