<annotation>
	<folder>20220329190514_ch01&#39044;&#32622;&#28857;F9</folder>
	<filename>50.jpg</filename>
	<path>C:\Users\&#37073;&#36132;&#36132;\Desktop\bp2\0329_w1\w1\20220329190514_ch01&#39044;&#32622;&#28857;F9\50.jpg</path>
	<source>
		<database>Unknown</database>
	</source>
	<size>
		<width>512</width>
		<height>512</height>
		<depth>3</depth>
	</size>
	<segmented>0</segmented>
	<object>
		<name>sz</name>
		<pose>Unspecified</pose>
		<truncated>0</truncated>
		<difficult>0</difficult>
		<bndbox>
			<xmin>146</xmin>
			<ymin>58</ymin>
			<xmax>226</xmax>
			<ymax>111</ymax>
		</bndbox>
	</object>
	</annotation>