<annotation>
	<folder>raw_data</folder>
	<filename>20230106130713Preset046.jpg</filename>
	<path>F:\2021-5#&#20013;&#20648;&#31918;&#38598;&#22242;&#20844;&#21496;&#39033;&#30446;&#8220;&#22522;&#20110;&#20154;&#24037;&#26234;&#33021;&#21644;&#22823;&#25968;&#25454;&#25216;&#26415;&#30340;&#31918;&#24211;&#35270;&#39057;&#30417;&#25511;&#25216;&#26415;&#21319;&#32423;&#8221;\&#23475;&#34411;&#26631;&#27880;\&#38738;&#30333;&#27743;&#24211;&#25968;&#25454;\&#20648;&#31918;&#23475;&#34411;&#35782;&#21035;-&#27963;&#34411;&#32032;&#26448;&#25991;&#20214;20230113\&#31291;&#35895;&#27963;&#34411;&#32032;&#26448;\3-[&#28023;&#24247;&#29699;&#26426;][&#29699;&#26426;&#39640;&#24230;161cm][&#38160;&#24230;0][&#22235;&#20998;&#20043;&#19968;&#22278;]\raw_data\20230106130713Preset046.jpg</path>
	<source>
		<database>Unknown</database>
	</source>
	<size>
		<width>512</width>
		<height>512</height>
		<depth>3</depth>
	</size>
	<segmented>0</segmented>
	<object>
		<name>rd</name>
		<pose>Unspecified</pose>
		<truncated>0</truncated>
		<difficult>0</difficult>
		<bndbox>
			<xmin>43</xmin>
			<ymin>295</ymin>
			<xmax>72</xmax>
			<ymax>319</ymax>
		</bndbox>
	</object>
	<object>
		<name>tc</name>
		<pose>Unspecified</pose>
		<truncated>0</truncated>
		<difficult>0</difficult>
		<bndbox>
			<xmin>265</xmin>
			<ymin>416</ymin>
			<xmax>284</xmax>
			<ymax>437</ymax>
		</bndbox>
	</object>
	<object>
		<name>rd</name>
		<pose>Unspecified</pose>
		<truncated>0</truncated>
		<difficult>0</difficult>
		<bndbox>
			<xmin>325</xmin>
			<ymin>404</ymin>
			<xmax>345</xmax>
			<ymax>420</ymax>
		</bndbox>
	</object>
	<object>
		<name>rd</name>
		<pose>Unspecified</pose>
		<truncated>0</truncated>
		<difficult>0</difficult>
		<bndbox>
			<xmin>330</xmin>
			<ymin>421</ymin>
			<xmax>353</xmax>
			<ymax>435</ymax>
		</bndbox>
	</object>
	<object>
		<name>rd</name>
		<pose>Unspecified</pose>
		<truncated>0</truncated>
		<difficult>0</difficult>
		<bndbox>
			<xmin>178</xmin>
			<ymin>354</ymin>
			<xmax>191</xmax>
			<ymax>370</ymax>
		</bndbox>
	</object>
</annotation>