<annotation>
	<folder>raw_data</folder>
	<filename>20230112150013Preset002.jpg</filename>
	<path>F:\BaiduNetdiskDownload\6-[&#28023;&#24247;&#29699;&#26426;][&#29699;&#26426;&#39640;&#24230;161cm][&#38160;&#24230;50][&#22235;&#20998;&#20043;&#19968;&#22278;][A4]\raw_data\20230112150013Preset002.jpg</path>
	<source>
		<database>Unknown</database>
	</source>
	<size>
		<width>512</width>
		<height>512</height>
		<depth>3</depth>
	</size>
	<segmented>0</segmented>
	<object>
		<name>rd</name>
		<pose>Unspecified</pose>
		<truncated>0</truncated>
		<difficult>0</difficult>
		<bndbox>
			<xmin>183</xmin>
			<ymin>150</ymin>
			<xmax>219</xmax>
			<ymax>184</ymax>
		</bndbox>
	</object>
</annotation>