<annotation>
	<folder>20220330160641_ch01&#39044;&#32622;&#28857;D5</folder>
	<filename>165.jpg</filename>
	<path>D:\Label\bp8\0330_&#20869;&#22280;&#25237;&#34411;&#21518;&#31532;&#20108;&#36718;\&#20869;&#22280;&#25237;&#34411;&#21518;&#31532;&#20108;&#36718;\20220330160641_ch01&#39044;&#32622;&#28857;D5\165.jpg</path>
	<source>
		<database>Unknown</database>
	</source>
	<size>
		<width>512</width>
		<height>512</height>
		<depth>3</depth>
	</size>
	<segmented>0</segmented>
	<object>
		<name>sz</name>
		<pose>Unspecified</pose>
		<truncated>0</truncated>
		<difficult>0</difficult>
		<bndbox>
			<xmin>392</xmin>
			<ymin>352</ymin>
			<xmax>430</xmax>
			<ymax>420</ymax>
		</bndbox>
	</object>
</annotation>