<annotation>
	<folder>20220330172952_ch01&#39044;&#32622;&#28857;F5</folder>
	<filename>180.jpg</filename>
	<path>E:\&#26410;&#24402;&#26723;&#21306;\&#23475;&#34411;&#25968;&#25454;&#38598;\&#34411;&#23376;\bp7\20220330172952_ch01&#39044;&#32622;&#28857;F5\180.jpg</path>
	<source>
		<database>Unknown</database>
	</source>
	<size>
		<width>512</width>
		<height>512</height>
		<depth>3</depth>
	</size>
	<segmented>0</segmented>
	<object>
		<name>sz</name>
		<pose>Unspecified</pose>
		<truncated>0</truncated>
		<difficult>0</difficult>
		<bndbox>
			<xmin>202</xmin>
			<ymin>27</ymin>
			<xmax>285</xmax>
			<ymax>118</ymax>
		</bndbox>
	</object>
	</annotation>