<annotation>
	<folder>20220330154609_ch01&#39044;&#32622;&#28857;012</folder>
	<filename>65.jpg</filename>
	<path>d:\Users\hp\Desktop\bp6\0330_lk_&#23567;&#30424;\20220330154609_ch01&#39044;&#32622;&#28857;012\65.jpg</path>
	<source>
		<database>Unknown</database>
	</source>
	<size>
		<width>512</width>
		<height>512</height>
		<depth>3</depth>
	</size>
	<segmented>0</segmented>
	<object>
		<name>sz</name>
		<pose>Unspecified</pose>
		<truncated>0</truncated>
		<difficult>0</difficult>
		<bndbox>
			<xmin>237</xmin>
			<ymin>101</ymin>
			<xmax>318</xmax>
			<ymax>159</ymax>
		</bndbox>
	</object>
	</annotation>