<annotation>
	<folder>20220330154521_ch01&#39044;&#32622;&#28857;011</folder>
	<filename>135.jpg</filename>
	<path>D:\User\Desktop\&#34411;&#23376;\bp6\20220330154521_ch01&#39044;&#32622;&#28857;011\135.jpg</path>
	<source>
		<database>Unknown</database>
	</source>
	<size>
		<width>512</width>
		<height>512</height>
		<depth>3</depth>
	</size>
	<segmented>0</segmented>
	<object>
		<name>sz</name>
		<pose>Unspecified</pose>
		<truncated>0</truncated>
		<difficult>0</difficult>
		<bndbox>
			<xmin>43</xmin>
			<ymin>219</ymin>
			<xmax>143</xmax>
			<ymax>280</ymax>
		</bndbox>
	</object>
	</annotation>