<annotation>
	<folder>raw_data</folder>
	<filename>20230215112020Preset094.jpg</filename>
	<path>C:\Users\wangxvxv0522\Desktop\aaa\202302151103_wheat_hk2_tjd\raw_data\20230215112020Preset094.jpg</path>
	<source>
		<database>Unknown</database>
	</source>
	<size>
		<width>512</width>
		<height>512</height>
		<depth>3</depth>
	</size>
	<segmented>0</segmented>
	<object>
		<name>rd</name>
		<pose>Unspecified</pose>
		<truncated>0</truncated>
		<difficult>0</difficult>
		<bndbox>
			<xmin>86</xmin>
			<ymin>97</ymin>
			<xmax>98</xmax>
			<ymax>115</ymax>
		</bndbox>
	</object>
	<object>
		<name>rd</name>
		<pose>Unspecified</pose>
		<truncated>0</truncated>
		<difficult>0</difficult>
		<bndbox>
			<xmin>152</xmin>
			<ymin>159</ymin>
			<xmax>175</xmax>
			<ymax>175</ymax>
		</bndbox>
	</object>
	<object>
		<name>rd</name>
		<pose>Unspecified</pose>
		<truncated>0</truncated>
		<difficult>0</difficult>
		<bndbox>
			<xmin>206</xmin>
			<ymin>145</ymin>
			<xmax>220</xmax>
			<ymax>160</ymax>
		</bndbox>
	</object>
	<object>
		<name>rd</name>
		<pose>Unspecified</pose>
		<truncated>0</truncated>
		<difficult>0</difficult>
		<bndbox>
			<xmin>240</xmin>
			<ymin>127</ymin>
			<xmax>258</xmax>
			<ymax>138</ymax>
		</bndbox>
	</object>
	<object>
		<name>rd</name>
		<pose>Unspecified</pose>
		<truncated>0</truncated>
		<difficult>0</difficult>
		<bndbox>
			<xmin>189</xmin>
			<ymin>38</ymin>
			<xmax>199</xmax>
			<ymax>54</ymax>
		</bndbox>
	</object>
	</annotation>