<annotation>
	<folder>raw_data_wheat_hk1</folder>
	<filename>20230215105023Preset111.jpg</filename>
	<path>C:\Users\ljt\Desktop\raw_data_wheat_hk1\20230215105023Preset111.jpg</path>
	<source>
		<database>Unknown</database>
	</source>
	<size>
		<width>512</width>
		<height>512</height>
		<depth>3</depth>
	</size>
	<segmented>0</segmented>
	<object>
		<name>tc</name>
		<pose>Unspecified</pose>
		<truncated>0</truncated>
		<difficult>0</difficult>
		<bndbox>
			<xmin>464</xmin>
			<ymin>398</ymin>
			<xmax>479</xmax>
			<ymax>416</ymax>
		</bndbox>
	</object>
	<object>
		<name>tc</name>
		<pose>Unspecified</pose>
		<truncated>0</truncated>
		<difficult>0</difficult>
		<bndbox>
			<xmin>100</xmin>
			<ymin>198</ymin>
			<xmax>119</xmax>
			<ymax>218</ymax>
		</bndbox>
	</object>
</annotation>