<annotation>
	<folder>raw_data</folder>
	<filename>20230215131830Preset079.jpg</filename>
	<path>C:\Users\wangxvxv0522\Desktop\aaa\202302151304_corn_hk1\raw_data\20230215131830Preset079.jpg</path>
	<source>
		<database>Unknown</database>
	</source>
	<size>
		<width>512</width>
		<height>512</height>
		<depth>3</depth>
	</size>
	<segmented>0</segmented>
	<object>
		<name>rd</name>
		<pose>Unspecified</pose>
		<truncated>0</truncated>
		<difficult>0</difficult>
		<bndbox>
			<xmin>373</xmin>
			<ymin>288</ymin>
			<xmax>392</xmax>
			<ymax>301</ymax>
		</bndbox>
	</object>
</annotation>