<annotation>
	<folder>raw_data</folder>
	<filename>20230214164526Preset062.jpg</filename>
	<path>F:\2021-5#&#20013;&#20648;&#31918;&#38598;&#22242;&#20844;&#21496;&#39033;&#30446;&#8220;&#22522;&#20110;&#20154;&#24037;&#26234;&#33021;&#21644;&#22823;&#25968;&#25454;&#25216;&#26415;&#30340;&#31918;&#24211;&#35270;&#39057;&#30417;&#25511;&#25216;&#26415;&#21319;&#32423;&#8221;\&#23475;&#34411;&#26631;&#27880;\&#28201;&#24030;&#30452;&#23646;&#24211;-&#35270;&#39057;&#35782;&#21035;&#32467;&#26524;&#32032;&#26448;\20230215\&#28023;&#24247;&#29699;&#26426;-17&#21495;&#20179;-&#29577;&#31859;\202302141634\raw_data\20230214164526Preset062.jpg</path>
	<source>
		<database>Unknown</database>
	</source>
	<size>
		<width>512</width>
		<height>512</height>
		<depth>3</depth>
	</size>
	<segmented>0</segmented>
	<object>
		<name>tc</name>
		<pose>Unspecified</pose>
		<truncated>0</truncated>
		<difficult>0</difficult>
		<bndbox>
			<xmin>376</xmin>
			<ymin>52</ymin>
			<xmax>397</xmax>
			<ymax>77</ymax>
		</bndbox>
	</object>
	</annotation>