<annotation>
	<folder>raw_data</folder>
	<filename>20230215111543Preset068.jpg</filename>
	<path>C:\Users\wangxvxv0522\Desktop\aaa\202302151103_wheat_hk2_tjd\raw_data\20230215111543Preset068.jpg</path>
	<source>
		<database>Unknown</database>
	</source>
	<size>
		<width>512</width>
		<height>512</height>
		<depth>3</depth>
	</size>
	<segmented>0</segmented>
	<object>
		<name>rd</name>
		<pose>Unspecified</pose>
		<truncated>0</truncated>
		<difficult>0</difficult>
		<bndbox>
			<xmin>4</xmin>
			<ymin>412</ymin>
			<xmax>27</xmax>
			<ymax>423</ymax>
		</bndbox>
	</object>
	<object>
		<name>rd</name>
		<pose>Unspecified</pose>
		<truncated>0</truncated>
		<difficult>0</difficult>
		<bndbox>
			<xmin>214</xmin>
			<ymin>331</ymin>
			<xmax>237</xmax>
			<ymax>346</ymax>
		</bndbox>
	</object>
	<object>
		<name>tc</name>
		<pose>Unspecified</pose>
		<truncated>0</truncated>
		<difficult>0</difficult>
		<bndbox>
			<xmin>128</xmin>
			<ymin>196</ymin>
			<xmax>143</xmax>
			<ymax>217</ymax>
		</bndbox>
	</object>
	<object>
		<name>tc</name>
		<pose>Unspecified</pose>
		<truncated>0</truncated>
		<difficult>0</difficult>
		<bndbox>
			<xmin>318</xmin>
			<ymin>126</ymin>
			<xmax>334</xmax>
			<ymax>150</ymax>
		</bndbox>
	</object>
	<object>
		<name>rd</name>
		<pose>Unspecified</pose>
		<truncated>0</truncated>
		<difficult>0</difficult>
		<bndbox>
			<xmin>300</xmin>
			<ymin>184</ymin>
			<xmax>311</xmax>
			<ymax>198</ymax>
		</bndbox>
	</object>
</annotation>