<annotation>
	<folder>20220330154434_ch01&#39044;&#32622;&#28857;010</folder>
	<filename>150.jpg</filename>
	<path>D:\User\Desktop\&#34411;&#23376;\bp6\20220330154434_ch01&#39044;&#32622;&#28857;010\150.jpg</path>
	<source>
		<database>Unknown</database>
	</source>
	<size>
		<width>512</width>
		<height>512</height>
		<depth>3</depth>
	</size>
	<segmented>0</segmented>
	<object>
		<name>sz</name>
		<pose>Unspecified</pose>
		<truncated>0</truncated>
		<difficult>1</difficult>
		<bndbox>
			<xmin>412</xmin>
			<ymin>162</ymin>
			<xmax>477</xmax>
			<ymax>216</ymax>
		</bndbox>
	</object>
	<object>
		<name>sz</name>
		<pose>Unspecified</pose>
		<truncated>0</truncated>
		<difficult>0</difficult>
		<bndbox>
			<xmin>344</xmin>
			<ymin>64</ymin>
			<xmax>412</xmax>
			<ymax>114</ymax>
		</bndbox>
	</object>
	</annotation>