<annotation>
	<folder>20220330152212_ch01&#39044;&#32622;&#28857;005(so)</folder>
	<filename>85.jpg</filename>
	<path>G:\0330_lk_&#23567;&#30424;\20220330152212_ch01&#39044;&#32622;&#28857;005(so)\85.jpg</path>
	<source>
		<database>Unknown</database>
	</source>
	<size>
		<width>512</width>
		<height>512</height>
		<depth>3</depth>
	</size>
	<segmented>0</segmented>
	<object>
		<name>sz</name>
		<pose>Unspecified</pose>
		<truncated>0</truncated>
		<difficult>0</difficult>
		<bndbox>
			<xmin>454</xmin>
			<ymin>85</ymin>
			<xmax>493</xmax>
			<ymax>143</ymax>
		</bndbox>
	</object>
</annotation>