<annotation>
	<folder>20220330154609_ch01&#39044;&#32622;&#28857;012</folder>
	<filename>110.jpg</filename>
	<path>d:\Users\hp\Desktop\bp6\0330_lk_&#23567;&#30424;\20220330154609_ch01&#39044;&#32622;&#28857;012\110.jpg</path>
	<source>
		<database>Unknown</database>
	</source>
	<size>
		<width>512</width>
		<height>512</height>
		<depth>3</depth>
	</size>
	<segmented>0</segmented>
	<object>
		<name>sz</name>
		<pose>Unspecified</pose>
		<truncated>0</truncated>
		<difficult>0</difficult>
		<bndbox>
			<xmin>129</xmin>
			<ymin>254</ymin>
			<xmax>209</xmax>
			<ymax>313</ymax>
		</bndbox>
	</object>
	</annotation>