<annotation>
	<folder>20220330160928_ch01&#39044;&#32622;&#28857;D1</folder>
	<filename>110.jpg</filename>
	<path>E:\&#26410;&#24402;&#26723;&#21306;\&#23475;&#34411;&#25968;&#25454;&#38598;\&#34411;&#23376;\bp8\20220330160928_ch01&#39044;&#32622;&#28857;D1\110.jpg</path>
	<source>
		<database>Unknown</database>
	</source>
	<size>
		<width>512</width>
		<height>512</height>
		<depth>3</depth>
	</size>
	<segmented>0</segmented>
	<object>
		<name>sz</name>
		<pose>Unspecified</pose>
		<truncated>0</truncated>
		<difficult>0</difficult>
		<bndbox>
			<xmin>352</xmin>
			<ymin>43</ymin>
			<xmax>403</xmax>
			<ymax>86</ymax>
		</bndbox>
	</object>
	</annotation>