<annotation>
	<folder>20220330160159_ch01&#39044;&#32622;&#28857;C5</folder>
	<filename>70.jpg</filename>
	<path>D:\Label\bp8\0330_&#20869;&#22280;&#25237;&#34411;&#21518;&#31532;&#20108;&#36718;\&#20869;&#22280;&#25237;&#34411;&#21518;&#31532;&#20108;&#36718;\20220330160159_ch01&#39044;&#32622;&#28857;C5\70.jpg</path>
	<source>
		<database>Unknown</database>
	</source>
	<size>
		<width>512</width>
		<height>512</height>
		<depth>3</depth>
	</size>
	<segmented>0</segmented>
	<object>
		<name>sz</name>
		<pose>Unspecified</pose>
		<truncated>0</truncated>
		<difficult>0</difficult>
		<bndbox>
			<xmin>72</xmin>
			<ymin>104</ymin>
			<xmax>114</xmax>
			<ymax>139</ymax>
		</bndbox>
	</object>
	</annotation>