<annotation>
	<folder>20220330155303_ch01&#39044;&#32622;&#28857;0&#28857;</folder>
	<filename>30.jpg</filename>
	<path>E:\&#26410;&#24402;&#26723;&#21306;\&#23475;&#34411;&#25968;&#25454;&#38598;\&#34411;&#23376;\bp8\20220330155303_ch01&#39044;&#32622;&#28857;0&#28857;\30.jpg</path>
	<source>
		<database>Unknown</database>
	</source>
	<size>
		<width>512</width>
		<height>512</height>
		<depth>3</depth>
	</size>
	<segmented>0</segmented>
	<object>
		<name>os</name>
		<pose>Unspecified</pose>
		<truncated>0</truncated>
		<difficult>0</difficult>
		<bndbox>
			<xmin>225</xmin>
			<ymin>5</ymin>
			<xmax>249</xmax>
			<ymax>30</ymax>
		</bndbox>
	</object>
	</annotation>