<annotation>
	<folder>20220330150358_ch01&#39044;&#32622;&#28857;008(so)</folder>
	<filename>125.jpg</filename>
	<path>C:\Users\97651\Desktop\&#23475;&#34411;&#22270;&#20687;&#25968;&#25454;\&#25968;&#25454;&#38598;version0\&#34917;&#25293;&#26631;&#27880;&#25968;&#25454;\0329-0330\bp5\0330_lk_&#23567;&#30424;\20220330150358_ch01&#39044;&#32622;&#28857;008(so)\125.jpg</path>
	<source>
		<database>Unknown</database>
	</source>
	<size>
		<width>512</width>
		<height>512</height>
		<depth>3</depth>
	</size>
	<segmented>0</segmented>
	<object>
		<name>sz</name>
		<pose>Unspecified</pose>
		<truncated>0</truncated>
		<difficult>0</difficult>
		<bndbox>
			<xmin>181</xmin>
			<ymin>197</ymin>
			<xmax>211</xmax>
			<ymax>258</ymax>
		</bndbox>
	</object>
	<object>
		<name>sz</name>
		<pose>Unspecified</pose>
		<truncated>0</truncated>
		<difficult>0</difficult>
		<bndbox>
			<xmin>127</xmin>
			<ymin>154</ymin>
			<xmax>174</xmax>
			<ymax>178</ymax>
		</bndbox>
	</object>
	<object>
		<name>sz</name>
		<pose>Unspecified</pose>
		<truncated>0</truncated>
		<difficult>1</difficult>
		<bndbox>
			<xmin>87</xmin>
			<ymin>60</ymin>
			<xmax>118</xmax>
			<ymax>114</ymax>
		</bndbox>
	</object>
	<object>
		<name>sz</name>
		<pose>Unspecified</pose>
		<truncated>0</truncated>
		<difficult>0</difficult>
		<bndbox>
			<xmin>40</xmin>
			<ymin>75</ymin>
			<xmax>79</xmax>
			<ymax>127</ymax>
		</bndbox>
	</object>
</annotation>