<annotation>
	<folder>20220330162857_ch01&#39044;&#32622;&#28857;E6</folder>
	<filename>200.jpg</filename>
	<path>D:\User\Desktop\&#34411;&#23376;\bp6\20220330162857_ch01&#39044;&#32622;&#28857;E6\200.jpg</path>
	<source>
		<database>Unknown</database>
	</source>
	<size>
		<width>512</width>
		<height>512</height>
		<depth>3</depth>
	</size>
	<segmented>0</segmented>
	<object>
		<name>sz</name>
		<pose>Unspecified</pose>
		<truncated>0</truncated>
		<difficult>1</difficult>
		<bndbox>
			<xmin>154</xmin>
			<ymin>220</ymin>
			<xmax>226</xmax>
			<ymax>264</ymax>
		</bndbox>
	</object>
	</annotation>