<annotation>
	<folder>20220330172300_ch01&#39044;&#32622;&#28857;E10</folder>
	<filename>220.jpg</filename>
	<path>F:\&#35270;&#39057;\20220401&#65288;1585&#24352;&#65289;\bp7\0330_w3\&#22823;&#30424;\20220330172300_ch01&#39044;&#32622;&#28857;E10\220.jpg</path>
	<source>
		<database>Unknown</database>
	</source>
	<size>
		<width>512</width>
		<height>512</height>
		<depth>3</depth>
	</size>
	<segmented>0</segmented>
	<object>
		<name>tc</name>
		<pose>Unspecified</pose>
		<truncated>0</truncated>
		<difficult>0</difficult>
		<bndbox>
			<xmin>5</xmin>
			<ymin>21</ymin>
			<xmax>72</xmax>
			<ymax>98</ymax>
		</bndbox>
	</object>
	</annotation>