<annotation>
	<folder>20220330171144_ch01&#39044;&#32622;&#28857;F6</folder>
	<filename>120.jpg</filename>
	<path>E:\&#26410;&#24402;&#26723;&#21306;\&#23475;&#34411;&#25968;&#25454;&#38598;\&#34411;&#23376;\bp7\20220330171144_ch01&#39044;&#32622;&#28857;F6\120.jpg</path>
	<source>
		<database>Unknown</database>
	</source>
	<size>
		<width>512</width>
		<height>512</height>
		<depth>3</depth>
	</size>
	<segmented>0</segmented>
	<object>
		<name>unknown</name>
		<pose>Unspecified</pose>
		<truncated>0</truncated>
		<difficult>0</difficult>
		<bndbox>
			<xmin>183</xmin>
			<ymin>283</ymin>
			<xmax>247</xmax>
			<ymax>330</ymax>
		</bndbox>
	</object>
</annotation>