<annotation>
	<folder>20220330172906_ch01&#39044;&#32622;&#28857;F6</folder>
	<filename>140.jpg</filename>
	<path>E:\&#26410;&#24402;&#26723;&#21306;\&#23475;&#34411;&#25968;&#25454;&#38598;\&#34411;&#23376;\bp7\20220330172906_ch01&#39044;&#32622;&#28857;F6\140.jpg</path>
	<source>
		<database>Unknown</database>
	</source>
	<size>
		<width>512</width>
		<height>512</height>
		<depth>3</depth>
	</size>
	<segmented>0</segmented>
	<object>
		<name>os</name>
		<pose>Unspecified</pose>
		<truncated>0</truncated>
		<difficult>0</difficult>
		<bndbox>
			<xmin>81</xmin>
			<ymin>383</ymin>
			<xmax>148</xmax>
			<ymax>412</ymax>
		</bndbox>
	</object>
	</annotation>