<annotation>
	<folder>20220330155853_ch01&#39044;&#32622;&#28857;B1</folder>
	<filename>100.jpg</filename>
	<path>D:\Label\bp8\0330_&#20869;&#22280;&#25237;&#34411;&#21518;&#31532;&#20108;&#36718;\&#20869;&#22280;&#25237;&#34411;&#21518;&#31532;&#20108;&#36718;\20220330155853_ch01&#39044;&#32622;&#28857;B1\100.jpg</path>
	<source>
		<database>Unknown</database>
	</source>
	<size>
		<width>512</width>
		<height>512</height>
		<depth>3</depth>
	</size>
	<segmented>0</segmented>
	<object>
		<name>cf</name>
		<pose>Unspecified</pose>
		<truncated>0</truncated>
		<difficult>0</difficult>
		<bndbox>
			<xmin>176</xmin>
			<ymin>9</ymin>
			<xmax>206</xmax>
			<ymax>42</ymax>
		</bndbox>
	</object>
	<object>
		<name>cf</name>
		<pose>Unspecified</pose>
		<truncated>0</truncated>
		<difficult>0</difficult>
		<bndbox>
			<xmin>451</xmin>
			<ymin>92</ymin>
			<xmax>485</xmax>
			<ymax>115</ymax>
		</bndbox>
	</object>
</annotation>