<annotation>
	<folder>20220330155354_ch01&#39044;&#32622;&#28857;A1</folder>
	<filename>85.jpg</filename>
	<path>D:\Label\bp8\0330_&#20869;&#22280;&#25237;&#34411;&#21518;&#31532;&#20108;&#36718;\&#20869;&#22280;&#25237;&#34411;&#21518;&#31532;&#20108;&#36718;\20220330155354_ch01&#39044;&#32622;&#28857;A1\85.jpg</path>
	<source>
		<database>Unknown</database>
	</source>
	<size>
		<width>512</width>
		<height>512</height>
		<depth>3</depth>
	</size>
	<segmented>0</segmented>
	<object>
		<name>cf</name>
		<pose>Unspecified</pose>
		<truncated>0</truncated>
		<difficult>0</difficult>
		<bndbox>
			<xmin>51</xmin>
			<ymin>91</ymin>
			<xmax>71</xmax>
			<ymax>104</ymax>
		</bndbox>
	</object>
	</annotation>