<annotation>
	<folder>20220330172217_ch01&#39044;&#32622;&#28857;E9</folder>
	<filename>215.jpg</filename>
	<path>E:\&#26410;&#24402;&#26723;&#21306;\&#23475;&#34411;&#25968;&#25454;&#38598;\&#34411;&#23376;\bp7\20220330172217_ch01&#39044;&#32622;&#28857;E9\215.jpg</path>
	<source>
		<database>Unknown</database>
	</source>
	<size>
		<width>512</width>
		<height>512</height>
		<depth>3</depth>
	</size>
	<segmented>0</segmented>
	<object>
		<name>sz</name>
		<pose>Unspecified</pose>
		<truncated>0</truncated>
		<difficult>0</difficult>
		<bndbox>
			<xmin>40</xmin>
			<ymin>130</ymin>
			<xmax>116</xmax>
			<ymax>187</ymax>
		</bndbox>
	</object>
</annotation>