<annotation>
	<folder>20220329182958_ch01&#39044;&#32622;&#28857;C4</folder>
	<filename>200.jpg</filename>
	<path>C:\Shreds\&#25968;&#25454;&#38598;\&#31532;&#20108;&#27425;\bp1\0329\n2\20220329182958_ch01&#39044;&#32622;&#28857;C4\200.jpg</path>
	<source>
		<database>Unknown</database>
	</source>
	<size>
		<width>512</width>
		<height>512</height>
		<depth>3</depth>
	</size>
	<segmented>0</segmented>
	<object>
		<name>tc</name>
		<pose>Unspecified</pose>
		<truncated>0</truncated>
		<difficult>0</difficult>
		<bndbox>
			<xmin>290</xmin>
			<ymin>161</ymin>
			<xmax>310</xmax>
			<ymax>193</ymax>
		</bndbox>
	</object>
</annotation>