<annotation>
	<folder>20220329192952_ch01&#39044;&#32622;&#28857;F7</folder>
	<filename>85.jpg</filename>
	<path>F:\&#25104;&#37117;&#20648;&#31918;&#38498;\bp3\0329_W2\w2\20220329192952_ch01&#39044;&#32622;&#28857;F7\85.jpg</path>
	<source>
		<database>Unknown</database>
	</source>
	<size>
		<width>512</width>
		<height>512</height>
		<depth>3</depth>
	</size>
	<segmented>0</segmented>
	<object>
		<name>tc</name>
		<pose>Unspecified</pose>
		<truncated>0</truncated>
		<difficult>0</difficult>
		<bndbox>
			<xmin>396</xmin>
			<ymin>316</ymin>
			<xmax>510</xmax>
			<ymax>417</ymax>
		</bndbox>
	</object>
</annotation>