<annotation>
	<folder>20220329185527_ch01&#39044;&#32622;&#28857;E3</folder>
	<filename>175.jpg</filename>
	<path>C:\Users\97651\Desktop\&#23475;&#34411;&#22270;&#20687;&#25968;&#25454;\&#25968;&#25454;&#38598;version0\&#34917;&#25293;&#26631;&#27880;&#25968;&#25454;\0329-0330\bp2\20220329185527_ch01&#39044;&#32622;&#28857;E3\175.jpg</path>
	<source>
		<database>Unknown</database>
	</source>
	<size>
		<width>512</width>
		<height>512</height>
		<depth>3</depth>
	</size>
	<segmented>0</segmented>
	<object>
		<name>sz</name>
		<pose>Unspecified</pose>
		<truncated>1</truncated>
		<difficult>0</difficult>
		<bndbox>
			<xmin>446</xmin>
			<ymin>135</ymin>
			<xmax>512</xmax>
			<ymax>174</ymax>
		</bndbox>
	</object>
</annotation>