<annotation>
	<folder>20220330151824_ch01&#39044;&#32622;&#28857;A1</folder>
	<filename>40.jpg</filename>
	<path>D:\bp9\0330_&#20869;&#22280;&#25237;&#34411;&#21518;&#31532;&#19968;&#36718;_&#22823;&#30424;\20220330151824_ch01&#39044;&#32622;&#28857;A1\40.jpg</path>
	<source>
		<database>Unknown</database>
	</source>
	<size>
		<width>512</width>
		<height>512</height>
		<depth>3</depth>
	</size>
	<segmented>0</segmented>
	<object>
		<name>cf</name>
		<pose>Unspecified</pose>
		<truncated>0</truncated>
		<difficult>0</difficult>
		<bndbox>
			<xmin>82</xmin>
			<ymin>31</ymin>
			<xmax>109</xmax>
			<ymax>54</ymax>
		</bndbox>
	</object>
	</annotation>