<annotation>
	<folder>20220330160321_ch01&#39044;&#32622;&#28857;C7</folder>
	<filename>190.jpg</filename>
	<path>E:\&#26410;&#24402;&#26723;&#21306;\&#23475;&#34411;&#25968;&#25454;&#38598;\&#34411;&#23376;\bp8\20220330160321_ch01&#39044;&#32622;&#28857;C7\190.jpg</path>
	<source>
		<database>Unknown</database>
	</source>
	<size>
		<width>512</width>
		<height>512</height>
		<depth>3</depth>
	</size>
	<segmented>0</segmented>
	<object>
		<name>tc</name>
		<pose>Unspecified</pose>
		<truncated>0</truncated>
		<difficult>0</difficult>
		<bndbox>
			<xmin>211</xmin>
			<ymin>257</ymin>
			<xmax>261</xmax>
			<ymax>300</ymax>
		</bndbox>
	</object>
	</annotation>