<annotation>
	<folder>20220329180506_ch01&#39044;&#32622;&#28857;D4</folder>
	<filename>65.jpg</filename>
	<path>C:\Users\97651\Desktop\&#23475;&#34411;&#22270;&#20687;&#25968;&#25454;\&#25968;&#25454;&#38598;version0\&#34917;&#25293;&#26631;&#27880;&#25968;&#25454;\0329-0330\bp1\0329\n1\20220329180506_ch01&#39044;&#32622;&#28857;D4\65.jpg</path>
	<source>
		<database>Unknown</database>
	</source>
	<size>
		<width>512</width>
		<height>512</height>
		<depth>3</depth>
	</size>
	<segmented>0</segmented>
	<object>
		<name>rd</name>
		<pose>Unspecified</pose>
		<truncated>0</truncated>
		<difficult>0</difficult>
		<bndbox>
			<xmin>220</xmin>
			<ymin>417</ymin>
			<xmax>264</xmax>
			<ymax>447</ymax>
		</bndbox>
	</object>
	</annotation>