<annotation>
	<folder>8</folder>
	<filename>20230112155346Preset009.jpg</filename>
	<path>F:\&#24050;&#26680;&#39564;&#38738;&#30333;&#27743;&#22270;&#20687;&#25968;&#25454;\2023&#38738;&#30333;&#27743;\20230112-&#23567;&#40614;-&#24050;&#26631;&#35760;\8\20230112155346Preset009.jpg</path>
	<source>
		<database>Unknown</database>
	</source>
	<size>
		<width>512</width>
		<height>512</height>
		<depth>3</depth>
	</size>
	<segmented>0</segmented>
	<object>
		<name>rd</name>
		<pose>Unspecified</pose>
		<truncated>0</truncated>
		<difficult>0</difficult>
		<bndbox>
			<xmin>55</xmin>
			<ymin>455</ymin>
			<xmax>87</xmax>
			<ymax>474</ymax>
		</bndbox>
	</object>
	<object>
		<name>rd</name>
		<pose>Unspecified</pose>
		<truncated>0</truncated>
		<difficult>0</difficult>
		<bndbox>
			<xmin>153</xmin>
			<ymin>115</ymin>
			<xmax>188</xmax>
			<ymax>133</ymax>
		</bndbox>
	</object>
	</annotation>