<annotation>
	<folder>20220330154317_ch01&#39044;&#32622;&#28857;008</folder>
	<filename>145.jpg</filename>
	<path>D:\User\Desktop\&#34411;&#23376;\bp6\20220330154317_ch01&#39044;&#32622;&#28857;008\145.jpg</path>
	<source>
		<database>Unknown</database>
	</source>
	<size>
		<width>512</width>
		<height>512</height>
		<depth>3</depth>
	</size>
	<segmented>0</segmented>
	<object>
		<name>sz</name>
		<pose>Unspecified</pose>
		<truncated>0</truncated>
		<difficult>0</difficult>
		<bndbox>
			<xmin>244</xmin>
			<ymin>249</ymin>
			<xmax>301</xmax>
			<ymax>309</ymax>
		</bndbox>
	</object>
	<object>
		<name>sz</name>
		<pose>Unspecified</pose>
		<truncated>0</truncated>
		<difficult>1</difficult>
		<bndbox>
			<xmin>229</xmin>
			<ymin>194</ymin>
			<xmax>290</xmax>
			<ymax>235</ymax>
		</bndbox>
	</object>
	<object>
		<name>sz</name>
		<pose>Unspecified</pose>
		<truncated>0</truncated>
		<difficult>0</difficult>
		<bndbox>
			<xmin>268</xmin>
			<ymin>381</ymin>
			<xmax>324</xmax>
			<ymax>425</ymax>
		</bndbox>
	</object>
	<object>
		<name>sz</name>
		<pose>Unspecified</pose>
		<truncated>0</truncated>
		<difficult>0</difficult>
		<bndbox>
			<xmin>37</xmin>
			<ymin>279</ymin>
			<xmax>101</xmax>
			<ymax>340</ymax>
		</bndbox>
	</object>
	</annotation>