<annotation>
	<folder>20220330164252_ch01&#39044;&#32622;&#28857;E11</folder>
	<filename>55.jpg</filename>
	<path>E:\&#26410;&#24402;&#26723;&#21306;\&#23475;&#34411;&#25968;&#25454;&#38598;\&#34411;&#23376;\bp6\20220330164252_ch01&#39044;&#32622;&#28857;E11\55.jpg</path>
	<source>
		<database>Unknown</database>
	</source>
	<size>
		<width>512</width>
		<height>512</height>
		<depth>3</depth>
	</size>
	<segmented>0</segmented>
	<object>
		<name>sz</name>
		<pose>Unspecified</pose>
		<truncated>0</truncated>
		<difficult>0</difficult>
		<bndbox>
			<xmin>192</xmin>
			<ymin>99</ymin>
			<xmax>261</xmax>
			<ymax>176</ymax>
		</bndbox>
	</object>
</annotation>