<annotation>
	<folder>raw_data</folder>
	<filename>20230130154842Preset047.jpg</filename>
	<path>F:\2021-5#&#20013;&#20648;&#31918;&#38598;&#22242;&#20844;&#21496;&#39033;&#30446;&#8220;&#22522;&#20110;&#20154;&#24037;&#26234;&#33021;&#21644;&#22823;&#25968;&#25454;&#25216;&#26415;&#30340;&#31918;&#24211;&#35270;&#39057;&#30417;&#25511;&#25216;&#26415;&#21319;&#32423;&#8221;\&#23475;&#34411;&#26631;&#27880;\&#38738;&#30333;&#27743;&#24211;&#25968;&#25454;\20230130\2-[&#22823;&#21326;&#29699;&#26426;][&#29699;&#26426;&#39640;&#24230;164cm][&#38160;&#24230;50][&#22235;&#20998;&#20043;&#19968;&#22278;][&#36870;&#26102;&#38024;][&#29577;&#31859;]\raw_data\20230130154842Preset047.jpg</path>
	<source>
		<database>Unknown</database>
	</source>
	<size>
		<width>512</width>
		<height>512</height>
		<depth>3</depth>
	</size>
	<segmented>0</segmented>
	<object>
		<name>tc</name>
		<pose>Unspecified</pose>
		<truncated>0</truncated>
		<difficult>0</difficult>
		<bndbox>
			<xmin>294</xmin>
			<ymin>270</ymin>
			<xmax>316</xmax>
			<ymax>282</ymax>
		</bndbox>
	</object>
	<object>
		<name>tc</name>
		<pose>Unspecified</pose>
		<truncated>0</truncated>
		<difficult>0</difficult>
		<bndbox>
			<xmin>279</xmin>
			<ymin>275</ymin>
			<xmax>297</xmax>
			<ymax>287</ymax>
		</bndbox>
	</object>
	<object>
		<name>rd</name>
		<pose>Unspecified</pose>
		<truncated>0</truncated>
		<difficult>0</difficult>
		<bndbox>
			<xmin>387</xmin>
			<ymin>341</ymin>
			<xmax>403</xmax>
			<ymax>351</ymax>
		</bndbox>
	</object>
</annotation>