<annotation>
	<folder>20220330162857_ch01&#39044;&#32622;&#28857;E6</folder>
	<filename>75.jpg</filename>
	<path>D:\User\Desktop\&#34411;&#23376;\bp6\20220330162857_ch01&#39044;&#32622;&#28857;E6\75.jpg</path>
	<source>
		<database>Unknown</database>
	</source>
	<size>
		<width>512</width>
		<height>512</height>
		<depth>3</depth>
	</size>
	<segmented>0</segmented>
	<object>
		<name>sz</name>
		<pose>Unspecified</pose>
		<truncated>0</truncated>
		<difficult>0</difficult>
		<bndbox>
			<xmin>282</xmin>
			<ymin>216</ymin>
			<xmax>354</xmax>
			<ymax>264</ymax>
		</bndbox>
	</object>
	<object>
		<name>os</name>
		<pose>Unspecified</pose>
		<truncated>0</truncated>
		<difficult>0</difficult>
		<bndbox>
			<xmin>436</xmin>
			<ymin>155</ymin>
			<xmax>480</xmax>
			<ymax>236</ymax>
		</bndbox>
	</object>
	</annotation>