<annotation>
	<folder>20220330105818_ch01&#39044;&#32622;&#28857;011</folder>
	<filename>210.jpg</filename>
	<path>F:\bp4\0330_lk_&#23567;&#30424;\20220330105818_ch01&#39044;&#32622;&#28857;011\210.jpg</path>
	<source>
		<database>Unknown</database>
	</source>
	<size>
		<width>512</width>
		<height>512</height>
		<depth>3</depth>
	</size>
	<segmented>0</segmented>
	<object>
		<name>os</name>
		<pose>Unspecified</pose>
		<truncated>0</truncated>
		<difficult>0</difficult>
		<bndbox>
			<xmin>100</xmin>
			<ymin>361</ymin>
			<xmax>183</xmax>
			<ymax>404</ymax>
		</bndbox>
	</object>
</annotation>