<annotation>
	<folder>20220329183804_ch01&#39044;&#32622;&#28857;D1</folder>
	<filename>80.jpg</filename>
	<path>C:\Users\97651\Desktop\&#23475;&#34411;&#22270;&#20687;&#25968;&#25454;\&#25968;&#25454;&#38598;version0\&#34917;&#25293;&#26631;&#27880;&#25968;&#25454;\0329-0330\bp2\20220329183804_ch01&#39044;&#32622;&#28857;D1\80.jpg</path>
	<source>
		<database>Unknown</database>
	</source>
	<size>
		<width>512</width>
		<height>512</height>
		<depth>3</depth>
	</size>
	<segmented>0</segmented>
	<object>
		<name>sz</name>
		<pose>Unspecified</pose>
		<truncated>0</truncated>
		<difficult>0</difficult>
		<bndbox>
			<xmin>338</xmin>
			<ymin>279</ymin>
			<xmax>376</xmax>
			<ymax>314</ymax>
		</bndbox>
	</object>
	</annotation>