<annotation>
	<folder>20220330155646_ch01&#39044;&#32622;&#28857;B4</folder>
	<filename>170.jpg</filename>
	<path>D:\Label\bp8\0330_&#20869;&#22280;&#25237;&#34411;&#21518;&#31532;&#20108;&#36718;\&#20869;&#22280;&#25237;&#34411;&#21518;&#31532;&#20108;&#36718;\20220330155646_ch01&#39044;&#32622;&#28857;B4\170.jpg</path>
	<source>
		<database>Unknown</database>
	</source>
	<size>
		<width>512</width>
		<height>512</height>
		<depth>3</depth>
	</size>
	<segmented>0</segmented>
	<object>
		<name>cf</name>
		<pose>Unspecified</pose>
		<truncated>0</truncated>
		<difficult>0</difficult>
		<bndbox>
			<xmin>174</xmin>
			<ymin>434</ymin>
			<xmax>209</xmax>
			<ymax>470</ymax>
		</bndbox>
	</object>
</annotation>