<annotation>
	<folder>20220330164117_ch01&#39044;&#32622;&#28857;E9</folder>
	<filename>200.jpg</filename>
	<path>E:\&#26410;&#24402;&#26723;&#21306;\&#23475;&#34411;&#25968;&#25454;&#38598;\&#34411;&#23376;\bp6\20220330164117_ch01&#39044;&#32622;&#28857;E9\200.jpg</path>
	<source>
		<database>Unknown</database>
	</source>
	<size>
		<width>512</width>
		<height>512</height>
		<depth>3</depth>
	</size>
	<segmented>0</segmented>
	<object>
		<name>sz</name>
		<pose>Unspecified</pose>
		<truncated>0</truncated>
		<difficult>0</difficult>
		<bndbox>
			<xmin>57</xmin>
			<ymin>319</ymin>
			<xmax>136</xmax>
			<ymax>380</ymax>
		</bndbox>
	</object>
	<object>
		<name>sz</name>
		<pose>Unspecified</pose>
		<truncated>0</truncated>
		<difficult>0</difficult>
		<bndbox>
			<xmin>227</xmin>
			<ymin>182</ymin>
			<xmax>297</xmax>
			<ymax>247</ymax>
		</bndbox>
	</object>
</annotation>