<annotation>
	<folder>20220330163803_ch01&#39044;&#32622;&#28857;E5</folder>
	<filename>25.jpg</filename>
	<path>D:\User\Desktop\&#34411;&#23376;\bp6\20220330163803_ch01&#39044;&#32622;&#28857;E5\25.jpg</path>
	<source>
		<database>Unknown</database>
	</source>
	<size>
		<width>512</width>
		<height>512</height>
		<depth>3</depth>
	</size>
	<segmented>0</segmented>
	<object>
		<name>sz</name>
		<pose>Unspecified</pose>
		<truncated>0</truncated>
		<difficult>0</difficult>
		<bndbox>
			<xmin>86</xmin>
			<ymin>73</ymin>
			<xmax>144</xmax>
			<ymax>140</ymax>
		</bndbox>
	</object>
</annotation>