<annotation>
	<folder>raw_data_wheat_dh1</folder>
	<filename>20230215092840Preset133.jpg</filename>
	<path>C:\Users\ljt\Desktop\raw_data_wheat_dh1\20230215092840Preset133.jpg</path>
	<source>
		<database>Unknown</database>
	</source>
	<size>
		<width>512</width>
		<height>512</height>
		<depth>3</depth>
	</size>
	<segmented>0</segmented>
	<object>
		<name>rd</name>
		<pose>Unspecified</pose>
		<truncated>0</truncated>
		<difficult>0</difficult>
		<bndbox>
			<xmin>158</xmin>
			<ymin>215</ymin>
			<xmax>183</xmax>
			<ymax>251</ymax>
		</bndbox>
	</object>
	</annotation>