<annotation>
	<folder>20220330163715_ch01&#39044;&#32622;&#28857;E4</folder>
	<filename>235.jpg</filename>
	<path>d:\Users\hp\Desktop\bp6\0330_w1\w1\20220330163715_ch01&#39044;&#32622;&#28857;E4\235.jpg</path>
	<source>
		<database>Unknown</database>
	</source>
	<size>
		<width>512</width>
		<height>512</height>
		<depth>3</depth>
	</size>
	<segmented>0</segmented>
	<object>
		<name>sz</name>
		<pose>Unspecified</pose>
		<truncated>0</truncated>
		<difficult>0</difficult>
		<bndbox>
			<xmin>429</xmin>
			<ymin>27</ymin>
			<xmax>492</xmax>
			<ymax>79</ymax>
		</bndbox>
	</object>
	<object>
		<name>sz</name>
		<pose>Unspecified</pose>
		<truncated>0</truncated>
		<difficult>0</difficult>
		<bndbox>
			<xmin>73</xmin>
			<ymin>360</ymin>
			<xmax>138</xmax>
			<ymax>442</ymax>
		</bndbox>
	</object>
</annotation>