<annotation>
	<folder>raw_data_paddy_dh2</folder>
	<filename>20230215154411Preset093.jpg</filename>
	<path>F:\2021-5#&#20013;&#20648;&#31918;&#38598;&#22242;&#20844;&#21496;&#39033;&#30446;&#8220;&#22522;&#20110;&#20154;&#24037;&#26234;&#33021;&#21644;&#22823;&#25968;&#25454;&#25216;&#26415;&#30340;&#31918;&#24211;&#35270;&#39057;&#30417;&#25511;&#25216;&#26415;&#21319;&#32423;&#8221;\&#23475;&#34411;&#26631;&#27880;\&#28201;&#24030;&#30452;&#23646;&#24211;-&#35270;&#39057;&#35782;&#21035;&#32467;&#26524;&#32032;&#26448;\20230215\&#21271;&#37038;&#26631;&#35760;\&#28201;&#24030;&#24211;18&#21495;&#20179;&#24050;&#26631;&#27880;&#24453;&#23457;&#26680;-0221\raw_data_paddy_dh2\20230215154411Preset093.jpg</path>
	<source>
		<database>Unknown</database>
	</source>
	<size>
		<width>512</width>
		<height>512</height>
		<depth>3</depth>
	</size>
	<segmented>0</segmented>
	<object>
		<name>cf</name>
		<pose>Unspecified</pose>
		<truncated>0</truncated>
		<difficult>0</difficult>
		<bndbox>
			<xmin>409</xmin>
			<ymin>469</ymin>
			<xmax>435</xmax>
			<ymax>498</ymax>
		</bndbox>
	</object>
	<object>
		<name>cf</name>
		<pose>Unspecified</pose>
		<truncated>0</truncated>
		<difficult>0</difficult>
		<bndbox>
			<xmin>421</xmin>
			<ymin>308</ymin>
			<xmax>441</xmax>
			<ymax>332</ymax>
		</bndbox>
	</object>
	<object>
		<name>cf</name>
		<pose>Unspecified</pose>
		<truncated>0</truncated>
		<difficult>0</difficult>
		<bndbox>
			<xmin>283</xmin>
			<ymin>426</ymin>
			<xmax>295</xmax>
			<ymax>454</ymax>
		</bndbox>
	</object>
	</annotation>