<annotation>
	<folder>20220330111252_ch01&#39044;&#32622;&#28857;004_os_tc</folder>
	<filename>215.jpg</filename>
	<path>F:\bp4\0330_lk_&#23567;&#30424;\20220330111252_ch01&#39044;&#32622;&#28857;004_os_tc\215.jpg</path>
	<source>
		<database>Unknown</database>
	</source>
	<size>
		<width>512</width>
		<height>512</height>
		<depth>3</depth>
	</size>
	<segmented>0</segmented>
	<object>
		<name>os</name>
		<pose>Unspecified</pose>
		<truncated>0</truncated>
		<difficult>0</difficult>
		<bndbox>
			<xmin>205</xmin>
			<ymin>138</ymin>
			<xmax>288</xmax>
			<ymax>181</ymax>
		</bndbox>
	</object>
</annotation>