<annotation>
	<folder>raw_data</folder>
	<filename>20230215134600Preset064.jpg</filename>
	<path>C:\Users\wangxvxv0522\Desktop\aaa\202302151334_corn_hk2\raw_data\20230215134600Preset064.jpg</path>
	<source>
		<database>Unknown</database>
	</source>
	<size>
		<width>512</width>
		<height>512</height>
		<depth>3</depth>
	</size>
	<segmented>0</segmented>
	<object>
		<name>tc</name>
		<pose>Unspecified</pose>
		<truncated>0</truncated>
		<difficult>0</difficult>
		<bndbox>
			<xmin>75</xmin>
			<ymin>261</ymin>
			<xmax>93</xmax>
			<ymax>289</ymax>
		</bndbox>
	</object>
	<object>
		<name>rd</name>
		<pose>Unspecified</pose>
		<truncated>0</truncated>
		<difficult>0</difficult>
		<bndbox>
			<xmin>131</xmin>
			<ymin>410</ymin>
			<xmax>147</xmax>
			<ymax>422</ymax>
		</bndbox>
	</object>
	<object>
		<name>tc</name>
		<pose>Unspecified</pose>
		<truncated>0</truncated>
		<difficult>0</difficult>
		<bndbox>
			<xmin>80</xmin>
			<ymin>351</ymin>
			<xmax>92</xmax>
			<ymax>369</ymax>
		</bndbox>
	</object>
	</annotation>