<annotation>
	<folder>raw_data</folder>
	<filename>20230215132815Preset135.jpg</filename>
	<path>C:\Users\wangxvxv0522\Desktop\aaa\202302151304_corn_hk1\raw_data\20230215132815Preset135.jpg</path>
	<source>
		<database>Unknown</database>
	</source>
	<size>
		<width>512</width>
		<height>512</height>
		<depth>3</depth>
	</size>
	<segmented>0</segmented>
	<object>
		<name>tc</name>
		<pose>Unspecified</pose>
		<truncated>0</truncated>
		<difficult>0</difficult>
		<bndbox>
			<xmin>137</xmin>
			<ymin>308</ymin>
			<xmax>160</xmax>
			<ymax>330</ymax>
		</bndbox>
	</object>
	<object>
		<name>tc</name>
		<pose>Unspecified</pose>
		<truncated>0</truncated>
		<difficult>0</difficult>
		<bndbox>
			<xmin>97</xmin>
			<ymin>392</ymin>
			<xmax>115</xmax>
			<ymax>404</ymax>
		</bndbox>
	</object>
</annotation>