<annotation>
	<folder>raw_data</folder>
	<filename>20230215142345Preset081.jpg</filename>
	<path>C:\Users\wangxvxv0522\Desktop\aaa\202302151409_corn_dh1\raw_data\20230215142345Preset081.jpg</path>
	<source>
		<database>Unknown</database>
	</source>
	<size>
		<width>512</width>
		<height>512</height>
		<depth>3</depth>
	</size>
	<segmented>0</segmented>
	<object>
		<name>cf</name>
		<pose>Unspecified</pose>
		<truncated>0</truncated>
		<difficult>0</difficult>
		<bndbox>
			<xmin>423</xmin>
			<ymin>117</ymin>
			<xmax>460</xmax>
			<ymax>155</ymax>
		</bndbox>
	</object>
</annotation>