<annotation>
	<folder>20220330154317_ch01&#39044;&#32622;&#28857;008</folder>
	<filename>40.jpg</filename>
	<path>D:\User\Desktop\&#34411;&#23376;\bp6\20220330154317_ch01&#39044;&#32622;&#28857;008\40.jpg</path>
	<source>
		<database>Unknown</database>
	</source>
	<size>
		<width>512</width>
		<height>512</height>
		<depth>3</depth>
	</size>
	<segmented>0</segmented>
	<object>
		<name>sz</name>
		<pose>Unspecified</pose>
		<truncated>0</truncated>
		<difficult>0</difficult>
		<bndbox>
			<xmin>387</xmin>
			<ymin>47</ymin>
			<xmax>464</xmax>
			<ymax>82</ymax>
		</bndbox>
	</object>
	<object>
		<name>sz</name>
		<pose>Unspecified</pose>
		<truncated>0</truncated>
		<difficult>0</difficult>
		<bndbox>
			<xmin>66</xmin>
			<ymin>124</ymin>
			<xmax>137</xmax>
			<ymax>176</ymax>
		</bndbox>
	</object>
	</annotation>