<annotation>
	<folder>20220329180109_ch01&#39044;&#32622;&#28857;C6</folder>
	<filename>0.jpg</filename>
	<path>C:\Shreds\&#25968;&#25454;&#38598;\&#31532;&#20108;&#27425;\bp1\0329\n1\20220329180109_ch01&#39044;&#32622;&#28857;C6\0.jpg</path>
	<source>
		<database>Unknown</database>
	</source>
	<size>
		<width>512</width>
		<height>512</height>
		<depth>3</depth>
	</size>
	<segmented>0</segmented>
	<object>
		<name>tc</name>
		<pose>Unspecified</pose>
		<truncated>0</truncated>
		<difficult>0</difficult>
		<bndbox>
			<xmin>55</xmin>
			<ymin>79</ymin>
			<xmax>86</xmax>
			<ymax>107</ymax>
		</bndbox>
	</object>
	<object>
		<name>tc</name>
		<pose>Unspecified</pose>
		<truncated>0</truncated>
		<difficult>0</difficult>
		<bndbox>
			<xmin>308</xmin>
			<ymin>432</ymin>
			<xmax>373</xmax>
			<ymax>449</ymax>
		</bndbox>
	</object>
	</annotation>