<annotation>
	<folder>20220330164117_ch01&#39044;&#32622;&#28857;E9</folder>
	<filename>195.jpg</filename>
	<path>E:\&#26410;&#24402;&#26723;&#21306;\&#23475;&#34411;&#25968;&#25454;&#38598;\&#34411;&#23376;\bp6\20220330164117_ch01&#39044;&#32622;&#28857;E9\195.jpg</path>
	<source>
		<database>Unknown</database>
	</source>
	<size>
		<width>512</width>
		<height>512</height>
		<depth>3</depth>
	</size>
	<segmented>0</segmented>
	<object>
		<name>sz</name>
		<pose>Unspecified</pose>
		<truncated>0</truncated>
		<difficult>0</difficult>
		<bndbox>
			<xmin>46</xmin>
			<ymin>317</ymin>
			<xmax>120</xmax>
			<ymax>386</ymax>
		</bndbox>
	</object>
	<object>
		<name>sz</name>
		<pose>Unspecified</pose>
		<truncated>0</truncated>
		<difficult>0</difficult>
		<bndbox>
			<xmin>221</xmin>
			<ymin>176</ymin>
			<xmax>288</xmax>
			<ymax>250</ymax>
		</bndbox>
	</object>
	</annotation>