<annotation>
	<folder>raw_data</folder>
	<filename>20230215132336Preset108.jpg</filename>
	<path>C:\Users\wangxvxv0522\Desktop\aaa\202302151304_corn_hk1\raw_data\20230215132336Preset108.jpg</path>
	<source>
		<database>Unknown</database>
	</source>
	<size>
		<width>512</width>
		<height>512</height>
		<depth>3</depth>
	</size>
	<segmented>0</segmented>
	<object>
		<name>rd</name>
		<pose>Unspecified</pose>
		<truncated>0</truncated>
		<difficult>0</difficult>
		<bndbox>
			<xmin>183</xmin>
			<ymin>466</ymin>
			<xmax>207</xmax>
			<ymax>482</ymax>
		</bndbox>
	</object>
	<object>
		<name>rd</name>
		<pose>Unspecified</pose>
		<truncated>0</truncated>
		<difficult>0</difficult>
		<bndbox>
			<xmin>127</xmin>
			<ymin>406</ymin>
			<xmax>140</xmax>
			<ymax>419</ymax>
		</bndbox>
	</object>
	<object>
		<name>rd</name>
		<pose>Unspecified</pose>
		<truncated>0</truncated>
		<difficult>0</difficult>
		<bndbox>
			<xmin>220</xmin>
			<ymin>243</ymin>
			<xmax>235</xmax>
			<ymax>252</ymax>
		</bndbox>
	</object>
	</annotation>