<annotation>
	<folder>raw_data</folder>
	<filename>20230106130627Preset041.jpg</filename>
	<path>F:\2021-5#&#20013;&#20648;&#31918;&#38598;&#22242;&#20844;&#21496;&#39033;&#30446;&#8220;&#22522;&#20110;&#20154;&#24037;&#26234;&#33021;&#21644;&#22823;&#25968;&#25454;&#25216;&#26415;&#30340;&#31918;&#24211;&#35270;&#39057;&#30417;&#25511;&#25216;&#26415;&#21319;&#32423;&#8221;\&#23475;&#34411;&#26631;&#27880;\&#38738;&#30333;&#27743;&#24211;&#25968;&#25454;\&#20648;&#31918;&#23475;&#34411;&#35782;&#21035;-&#27963;&#34411;&#32032;&#26448;&#25991;&#20214;20230113\&#31291;&#35895;&#27963;&#34411;&#32032;&#26448;\3-[&#28023;&#24247;&#29699;&#26426;][&#29699;&#26426;&#39640;&#24230;161cm][&#38160;&#24230;0][&#22235;&#20998;&#20043;&#19968;&#22278;]\raw_data\20230106130627Preset041.jpg</path>
	<source>
		<database>Unknown</database>
	</source>
	<size>
		<width>512</width>
		<height>512</height>
		<depth>3</depth>
	</size>
	<segmented>0</segmented>
	<object>
		<name>cf</name>
		<pose>Unspecified</pose>
		<truncated>0</truncated>
		<difficult>0</difficult>
		<bndbox>
			<xmin>36</xmin>
			<ymin>457</ymin>
			<xmax>59</xmax>
			<ymax>473</ymax>
		</bndbox>
	</object>
	<object>
		<name>cf</name>
		<pose>Unspecified</pose>
		<truncated>0</truncated>
		<difficult>0</difficult>
		<bndbox>
			<xmin>116</xmin>
			<ymin>334</ymin>
			<xmax>129</xmax>
			<ymax>349</ymax>
		</bndbox>
	</object>
	<object>
		<name>cf</name>
		<pose>Unspecified</pose>
		<truncated>0</truncated>
		<difficult>0</difficult>
		<bndbox>
			<xmin>187</xmin>
			<ymin>331</ymin>
			<xmax>202</xmax>
			<ymax>342</ymax>
		</bndbox>
	</object>
	<object>
		<name>rd</name>
		<pose>Unspecified</pose>
		<truncated>0</truncated>
		<difficult>0</difficult>
		<bndbox>
			<xmin>92</xmin>
			<ymin>271</ymin>
			<xmax>118</xmax>
			<ymax>292</ymax>
		</bndbox>
	</object>
	<object>
		<name>cf</name>
		<pose>Unspecified</pose>
		<truncated>0</truncated>
		<difficult>0</difficult>
		<bndbox>
			<xmin>458</xmin>
			<ymin>404</ymin>
			<xmax>475</xmax>
			<ymax>419</ymax>
		</bndbox>
	</object>
	<object>
		<name>cf</name>
		<pose>Unspecified</pose>
		<truncated>0</truncated>
		<difficult>0</difficult>
		<bndbox>
			<xmin>192</xmin>
			<ymin>231</ymin>
			<xmax>210</xmax>
			<ymax>246</ymax>
		</bndbox>
	</object>
</annotation>