<annotation>
	<folder>20220330151824_ch01&#39044;&#32622;&#28857;A1</folder>
	<filename>230.jpg</filename>
	<path>E:\&#26410;&#24402;&#26723;&#21306;\&#23475;&#34411;&#25968;&#25454;&#38598;\&#34411;&#23376;\bp9\20220330151824_ch01&#39044;&#32622;&#28857;A1\230.jpg</path>
	<source>
		<database>Unknown</database>
	</source>
	<size>
		<width>512</width>
		<height>512</height>
		<depth>3</depth>
	</size>
	<segmented>0</segmented>
	<object>
		<name>cf</name>
		<pose>Unspecified</pose>
		<truncated>0</truncated>
		<difficult>0</difficult>
		<bndbox>
			<xmin>26</xmin>
			<ymin>313</ymin>
			<xmax>55</xmax>
			<ymax>330</ymax>
		</bndbox>
	</object>
	<object>
		<name>cf</name>
		<pose>Unspecified</pose>
		<truncated>0</truncated>
		<difficult>0</difficult>
		<bndbox>
			<xmin>66</xmin>
			<ymin>363</ymin>
			<xmax>87</xmax>
			<ymax>378</ymax>
		</bndbox>
	</object>
	<object>
		<name>cf</name>
		<pose>Unspecified</pose>
		<truncated>0</truncated>
		<difficult>0</difficult>
		<bndbox>
			<xmin>170</xmin>
			<ymin>468</ymin>
			<xmax>188</xmax>
			<ymax>490</ymax>
		</bndbox>
	</object>
</annotation>