<annotation>
	<folder>20220330160321_ch01&#39044;&#32622;&#28857;C7</folder>
	<filename>25.jpg</filename>
	<path>D:\Label\bp8\0330_&#20869;&#22280;&#25237;&#34411;&#21518;&#31532;&#20108;&#36718;\&#20869;&#22280;&#25237;&#34411;&#21518;&#31532;&#20108;&#36718;\20220330160321_ch01&#39044;&#32622;&#28857;C7\25.jpg</path>
	<source>
		<database>Unknown</database>
	</source>
	<size>
		<width>512</width>
		<height>512</height>
		<depth>3</depth>
	</size>
	<segmented>0</segmented>
	<object>
		<name>tc</name>
		<pose>Unspecified</pose>
		<truncated>0</truncated>
		<difficult>0</difficult>
		<bndbox>
			<xmin>107</xmin>
			<ymin>215</ymin>
			<xmax>147</xmax>
			<ymax>262</ymax>
		</bndbox>
	</object>
	</annotation>