<annotation>
	<folder>20220330154317_ch01&#39044;&#32622;&#28857;008</folder>
	<filename>70.jpg</filename>
	<path>D:\User\Desktop\&#34411;&#23376;\bp6\20220330154317_ch01&#39044;&#32622;&#28857;008\70.jpg</path>
	<source>
		<database>Unknown</database>
	</source>
	<size>
		<width>512</width>
		<height>512</height>
		<depth>3</depth>
	</size>
	<segmented>0</segmented>
	<object>
		<name>os</name>
		<pose>Unspecified</pose>
		<truncated>0</truncated>
		<difficult>0</difficult>
		<bndbox>
			<xmin>234</xmin>
			<ymin>403</ymin>
			<xmax>261</xmax>
			<ymax>427</ymax>
		</bndbox>
	</object>
	</annotation>