<annotation>
	<folder>raw_data</folder>
	<filename>20230215134522Preset060.jpg</filename>
	<path>C:\Users\wangxvxv0522\Desktop\aaa\202302151334_corn_hk2\raw_data\20230215134522Preset060.jpg</path>
	<source>
		<database>Unknown</database>
	</source>
	<size>
		<width>512</width>
		<height>512</height>
		<depth>3</depth>
	</size>
	<segmented>0</segmented>
	<object>
		<name>tc</name>
		<pose>Unspecified</pose>
		<truncated>0</truncated>
		<difficult>0</difficult>
		<bndbox>
			<xmin>137</xmin>
			<ymin>230</ymin>
			<xmax>163</xmax>
			<ymax>250</ymax>
		</bndbox>
	</object>
	<object>
		<name>tc</name>
		<pose>Unspecified</pose>
		<truncated>0</truncated>
		<difficult>0</difficult>
		<bndbox>
			<xmin>146</xmin>
			<ymin>252</ymin>
			<xmax>162</xmax>
			<ymax>275</ymax>
		</bndbox>
	</object>
	<object>
		<name>tc</name>
		<pose>Unspecified</pose>
		<truncated>0</truncated>
		<difficult>0</difficult>
		<bndbox>
			<xmin>394</xmin>
			<ymin>239</ymin>
			<xmax>406</xmax>
			<ymax>256</ymax>
		</bndbox>
	</object>
</annotation>