<annotation>
	<folder>20220329192952_ch01&#39044;&#32622;&#28857;F7</folder>
	<filename>110.jpg</filename>
	<path>C:\Users\97651\Desktop\&#23475;&#34411;&#22270;&#20687;&#25968;&#25454;\&#25968;&#25454;&#38598;version0\&#34917;&#25293;&#26631;&#27880;&#25968;&#25454;\0329-0330\bp3\20220329192952_ch01&#39044;&#32622;&#28857;F7\110.jpg</path>
	<source>
		<database>Unknown</database>
	</source>
	<size>
		<width>512</width>
		<height>512</height>
		<depth>3</depth>
	</size>
	<segmented>0</segmented>
	<object>
		<name>tc</name>
		<pose>Unspecified</pose>
		<truncated>0</truncated>
		<difficult>0</difficult>
		<bndbox>
			<xmin>314</xmin>
			<ymin>243</ymin>
			<xmax>438</xmax>
			<ymax>328</ymax>
		</bndbox>
	</object>
</annotation>