<annotation>
	<folder>20220329182139_ch01&#39044;&#32622;&#28857;0&#28857;</folder>
	<filename>135.jpg</filename>
	<path>C:\Shreds\&#25968;&#25454;&#38598;\&#31532;&#20108;&#27425;\bp1\0329\n2\20220329182139_ch01&#39044;&#32622;&#28857;0&#28857;\135.jpg</path>
	<source>
		<database>Unknown</database>
	</source>
	<size>
		<width>512</width>
		<height>512</height>
		<depth>3</depth>
	</size>
	<segmented>0</segmented>
	<object>
		<name>tc</name>
		<pose>Unspecified</pose>
		<truncated>0</truncated>
		<difficult>0</difficult>
		<bndbox>
			<xmin>97</xmin>
			<ymin>156</ymin>
			<xmax>136</xmax>
			<ymax>177</ymax>
		</bndbox>
	</object>
	<object>
		<name>tc</name>
		<pose>Unspecified</pose>
		<truncated>0</truncated>
		<difficult>0</difficult>
		<bndbox>
			<xmin>205</xmin>
			<ymin>157</ymin>
			<xmax>227</xmax>
			<ymax>192</ymax>
		</bndbox>
	</object>
	<object>
		<name>tc</name>
		<pose>Unspecified</pose>
		<truncated>0</truncated>
		<difficult>0</difficult>
		<bndbox>
			<xmin>441</xmin>
			<ymin>118</ymin>
			<xmax>477</xmax>
			<ymax>132</ymax>
		</bndbox>
	</object>
	</annotation>