<annotation>
	<folder>20220330153316_ch01&#39044;&#32622;&#28857;D2</folder>
	<filename>55.jpg</filename>
	<path>E:\&#26410;&#24402;&#26723;&#21306;\&#23475;&#34411;&#25968;&#25454;&#38598;\&#34411;&#23376;\bp8\20220330153316_ch01&#39044;&#32622;&#28857;D2\55.jpg</path>
	<source>
		<database>Unknown</database>
	</source>
	<size>
		<width>512</width>
		<height>512</height>
		<depth>3</depth>
	</size>
	<segmented>0</segmented>
	<object>
		<name>sz</name>
		<pose>Unspecified</pose>
		<truncated>0</truncated>
		<difficult>0</difficult>
		<bndbox>
			<xmin>9</xmin>
			<ymin>98</ymin>
			<xmax>40</xmax>
			<ymax>155</ymax>
		</bndbox>
	</object>
	<object>
		<name>sz</name>
		<pose>Unspecified</pose>
		<truncated>0</truncated>
		<difficult>0</difficult>
		<bndbox>
			<xmin>297</xmin>
			<ymin>123</ymin>
			<xmax>324</xmax>
			<ymax>177</ymax>
		</bndbox>
	</object>
</annotation>