<annotation>
	<folder>20220411163250_ch01</folder>
	<filename>185.jpg</filename>
	<path>E:\&#26410;&#24402;&#26723;&#21306;\&#23475;&#34411;&#25968;&#25454;&#38598;\&#34411;&#23376;\g2_rd\rd2\20220411163250_ch01\185.jpg</path>
	<source>
		<database>Unknown</database>
	</source>
	<size>
		<width>512</width>
		<height>512</height>
		<depth>3</depth>
	</size>
	<segmented>0</segmented>
	<object>
		<name>rd</name>
		<pose>Unspecified</pose>
		<truncated>0</truncated>
		<difficult>0</difficult>
		<bndbox>
			<xmin>367</xmin>
			<ymin>8</ymin>
			<xmax>407</xmax>
			<ymax>37</ymax>
		</bndbox>
	</object>
</annotation>