<annotation>
	<folder>raw_data_wheat_hk1</folder>
	<filename>20230215103142Preset007.jpg</filename>
	<path>C:\Users\ljt\Desktop\raw_data_wheat_hk1\20230215103142Preset007.jpg</path>
	<source>
		<database>Unknown</database>
	</source>
	<size>
		<width>512</width>
		<height>512</height>
		<depth>3</depth>
	</size>
	<segmented>0</segmented>
	<object>
		<name>tc</name>
		<pose>Unspecified</pose>
		<truncated>0</truncated>
		<difficult>0</difficult>
		<bndbox>
			<xmin>20</xmin>
			<ymin>296</ymin>
			<xmax>38</xmax>
			<ymax>321</ymax>
		</bndbox>
	</object>
	<object>
		<name>tc</name>
		<pose>Unspecified</pose>
		<truncated>0</truncated>
		<difficult>0</difficult>
		<bndbox>
			<xmin>27</xmin>
			<ymin>349</ymin>
			<xmax>38</xmax>
			<ymax>372</ymax>
		</bndbox>
	</object>
	<object>
		<name>tc</name>
		<pose>Unspecified</pose>
		<truncated>0</truncated>
		<difficult>0</difficult>
		<bndbox>
			<xmin>68</xmin>
			<ymin>363</ymin>
			<xmax>77</xmax>
			<ymax>383</ymax>
		</bndbox>
	</object>
</annotation>