<annotation>
	<folder>20220329180109_ch01&#39044;&#32622;&#28857;C6</folder>
	<filename>80.jpg</filename>
	<path>C:\Users\97651\Desktop\&#23475;&#34411;&#22270;&#20687;&#25968;&#25454;\&#25968;&#25454;&#38598;version0\&#34917;&#25293;&#26631;&#27880;&#25968;&#25454;\0329-0330\bp1\0329\n1\20220329180109_ch01&#39044;&#32622;&#28857;C6\80.jpg</path>
	<source>
		<database>Unknown</database>
	</source>
	<size>
		<width>512</width>
		<height>512</height>
		<depth>3</depth>
	</size>
	<segmented>0</segmented>
	<object>
		<name>tc</name>
		<pose>Unspecified</pose>
		<truncated>0</truncated>
		<difficult>1</difficult>
		<bndbox>
			<xmin>398</xmin>
			<ymin>26</ymin>
			<xmax>456</xmax>
			<ymax>55</ymax>
		</bndbox>
	</object>
</annotation>