<annotation>
	<folder>20220329183517_ch01&#39044;&#32622;&#28857;D5</folder>
	<filename>85.jpg</filename>
	<path>C:\Users\&#37073;&#36132;&#36132;\Desktop\bp2\0329_n2\20220329183517_ch01&#39044;&#32622;&#28857;D5\85.jpg</path>
	<source>
		<database>Unknown</database>
	</source>
	<size>
		<width>512</width>
		<height>512</height>
		<depth>3</depth>
	</size>
	<segmented>0</segmented>
	<object>
		<name>tc</name>
		<pose>Unspecified</pose>
		<truncated>0</truncated>
		<difficult>0</difficult>
		<bndbox>
			<xmin>477</xmin>
			<ymin>211</ymin>
			<xmax>497</xmax>
			<ymax>261</ymax>
		</bndbox>
	</object>
</annotation>