<annotation>
	<folder>raw_data</folder>
	<filename>20230202130301Preset010.jpg</filename>
	<path>F:\&#24050;&#26680;&#39564;&#38738;&#30333;&#27743;&#22270;&#20687;&#25968;&#25454;\2023&#38738;&#30333;&#27743;\&#31291;&#35895;&#27963;&#34411;&#32032;&#26448;2\4-[&#22823;&#21326;&#29699;&#26426;][&#29699;&#26426;&#39640;&#24230;164cm][&#38160;&#24230;50][&#22235;&#20998;&#20043;&#19968;&#22278;][&#36870;&#26102;&#38024;][&#31291;&#35895;]\raw_data\20230202130301Preset010.jpg</path>
	<source>
		<database>Unknown</database>
	</source>
	<size>
		<width>512</width>
		<height>512</height>
		<depth>3</depth>
	</size>
	<segmented>0</segmented>
	<object>
		<name>tc</name>
		<pose>Unspecified</pose>
		<truncated>0</truncated>
		<difficult>0</difficult>
		<bndbox>
			<xmin>420</xmin>
			<ymin>377</ymin>
			<xmax>445</xmax>
			<ymax>388</ymax>
		</bndbox>
	</object>
	</annotation>