<annotation>
	<folder>20220330172008_ch01&#39044;&#32622;&#28857;E6</folder>
	<filename>190.jpg</filename>
	<path>F:\&#35270;&#39057;\20220401&#65288;1585&#24352;&#65289;\bp7\0330_w3\&#23567;&#30424;\20220330172008_ch01&#39044;&#32622;&#28857;E6\190.jpg</path>
	<source>
		<database>Unknown</database>
	</source>
	<size>
		<width>512</width>
		<height>512</height>
		<depth>3</depth>
	</size>
	<segmented>0</segmented>
	<object>
		<name>os</name>
		<pose>Unspecified</pose>
		<truncated>0</truncated>
		<difficult>0</difficult>
		<bndbox>
			<xmin>466</xmin>
			<ymin>254</ymin>
			<xmax>508</xmax>
			<ymax>329</ymax>
		</bndbox>
	</object>
</annotation>