<annotation>
	<folder>20220330154317_ch01&#39044;&#32622;&#28857;008</folder>
	<filename>30.jpg</filename>
	<path>D:\User\Desktop\&#34411;&#23376;\bp6\20220330154317_ch01&#39044;&#32622;&#28857;008\30.jpg</path>
	<source>
		<database>Unknown</database>
	</source>
	<size>
		<width>512</width>
		<height>512</height>
		<depth>3</depth>
	</size>
	<segmented>0</segmented>
	<object>
		<name>sz</name>
		<pose>Unspecified</pose>
		<truncated>0</truncated>
		<difficult>1</difficult>
		<bndbox>
			<xmin>149</xmin>
			<ymin>349</ymin>
			<xmax>195</xmax>
			<ymax>417</ymax>
		</bndbox>
	</object>
	<object>
		<name>sz</name>
		<pose>Unspecified</pose>
		<truncated>0</truncated>
		<difficult>0</difficult>
		<bndbox>
			<xmin>439</xmin>
			<ymin>165</ymin>
			<xmax>506</xmax>
			<ymax>197</ymax>
		</bndbox>
	</object>
	</annotation>