<annotation>
	<folder>raw_data_wheat_dh2</folder>
	<filename>20230215095822Preset127.jpg</filename>
	<path>C:\Users\ljt\Desktop\raw_data_wheat_dh2\20230215095822Preset127.jpg</path>
	<source>
		<database>Unknown</database>
	</source>
	<size>
		<width>512</width>
		<height>512</height>
		<depth>3</depth>
	</size>
	<segmented>0</segmented>
	<object>
		<name>tc</name>
		<pose>Unspecified</pose>
		<truncated>0</truncated>
		<difficult>0</difficult>
		<bndbox>
			<xmin>49</xmin>
			<ymin>208</ymin>
			<xmax>85</xmax>
			<ymax>246</ymax>
		</bndbox>
	</object>
	<object>
		<name>rd</name>
		<pose>Unspecified</pose>
		<truncated>0</truncated>
		<difficult>0</difficult>
		<bndbox>
			<xmin>181</xmin>
			<ymin>233</ymin>
			<xmax>219</xmax>
			<ymax>264</ymax>
		</bndbox>
	</object>
	</annotation>