<annotation>
	<folder>20220330155303_ch01&#39044;&#32622;&#28857;0&#28857;</folder>
	<filename>215.jpg</filename>
	<path>E:\&#26410;&#24402;&#26723;&#21306;\&#23475;&#34411;&#25968;&#25454;&#38598;\&#34411;&#23376;\bp8\20220330155303_ch01&#39044;&#32622;&#28857;0&#28857;\215.jpg</path>
	<source>
		<database>Unknown</database>
	</source>
	<size>
		<width>512</width>
		<height>512</height>
		<depth>3</depth>
	</size>
	<segmented>0</segmented>
	<object>
		<name>sz</name>
		<pose>Unspecified</pose>
		<truncated>0</truncated>
		<difficult>0</difficult>
		<bndbox>
			<xmin>189</xmin>
			<ymin>361</ymin>
			<xmax>222</xmax>
			<ymax>398</ymax>
		</bndbox>
	</object>
	<object>
		<name>os</name>
		<pose>Unspecified</pose>
		<truncated>0</truncated>
		<difficult>0</difficult>
		<bndbox>
			<xmin>356</xmin>
			<ymin>91</ymin>
			<xmax>379</xmax>
			<ymax>131</ymax>
		</bndbox>
	</object>
	</annotation>