<annotation>
	<folder>raw_data_wheat_dh2</folder>
	<filename>20230215095803Preset125.jpg</filename>
	<path>C:\Users\ljt\Desktop\raw_data_wheat_dh2\20230215095803Preset125.jpg</path>
	<source>
		<database>Unknown</database>
	</source>
	<size>
		<width>512</width>
		<height>512</height>
		<depth>3</depth>
	</size>
	<segmented>0</segmented>
	<object>
		<name>rd</name>
		<pose>Unspecified</pose>
		<truncated>0</truncated>
		<difficult>0</difficult>
		<bndbox>
			<xmin>400</xmin>
			<ymin>272</ymin>
			<xmax>417</xmax>
			<ymax>304</ymax>
		</bndbox>
	</object>
</annotation>