<annotation>
	<folder>20220330152323_ch01&#39044;&#32622;&#28857;B1</folder>
	<filename>115.jpg</filename>
	<path>E:\&#26410;&#24402;&#26723;&#21306;\&#23475;&#34411;&#25968;&#25454;&#38598;\&#34411;&#23376;\bp9\20220330152323_ch01&#39044;&#32622;&#28857;B1\115.jpg</path>
	<source>
		<database>Unknown</database>
	</source>
	<size>
		<width>512</width>
		<height>512</height>
		<depth>3</depth>
	</size>
	<segmented>0</segmented>
	<object>
		<name>sz</name>
		<pose>Unspecified</pose>
		<truncated>0</truncated>
		<difficult>0</difficult>
		<bndbox>
			<xmin>244</xmin>
			<ymin>149</ymin>
			<xmax>313</xmax>
			<ymax>196</ymax>
		</bndbox>
	</object>
	<object>
		<name>sz</name>
		<pose>Unspecified</pose>
		<truncated>0</truncated>
		<difficult>0</difficult>
		<bndbox>
			<xmin>295</xmin>
			<ymin>184</ymin>
			<xmax>352</xmax>
			<ymax>223</ymax>
		</bndbox>
	</object>
</annotation>