<annotation>
	<folder>20220330151824_ch01&#39044;&#32622;&#28857;A1</folder>
	<filename>130.jpg</filename>
	<path>E:\&#26410;&#24402;&#26723;&#21306;\&#23475;&#34411;&#25968;&#25454;&#38598;\&#34411;&#23376;\bp9\20220330151824_ch01&#39044;&#32622;&#28857;A1\130.jpg</path>
	<source>
		<database>Unknown</database>
	</source>
	<size>
		<width>512</width>
		<height>512</height>
		<depth>3</depth>
	</size>
	<segmented>0</segmented>
	<object>
		<name>cf</name>
		<pose>Unspecified</pose>
		<truncated>0</truncated>
		<difficult>0</difficult>
		<bndbox>
			<xmin>40</xmin>
			<ymin>307</ymin>
			<xmax>60</xmax>
			<ymax>327</ymax>
		</bndbox>
	</object>
	<object>
		<name>cf</name>
		<pose>Unspecified</pose>
		<truncated>0</truncated>
		<difficult>0</difficult>
		<bndbox>
			<xmin>53</xmin>
			<ymin>358</ymin>
			<xmax>67</xmax>
			<ymax>374</ymax>
		</bndbox>
	</object>
	<object>
		<name>cf</name>
		<pose>Unspecified</pose>
		<truncated>0</truncated>
		<difficult>0</difficult>
		<bndbox>
			<xmin>192</xmin>
			<ymin>447</ymin>
			<xmax>203</xmax>
			<ymax>465</ymax>
		</bndbox>
	</object>
</annotation>