<annotation>
	<folder>20220330153031_ch01&#39044;&#32622;&#28857;D6</folder>
	<filename>245.jpg</filename>
	<path>D:\bp9\0330_&#20869;&#22280;&#25237;&#34411;&#21518;&#31532;&#19968;&#36718;_&#22823;&#30424;\20220330153031_ch01&#39044;&#32622;&#28857;D6\245.jpg</path>
	<source>
		<database>Unknown</database>
	</source>
	<size>
		<width>512</width>
		<height>512</height>
		<depth>3</depth>
	</size>
	<segmented>0</segmented>
	<object>
		<name>tc</name>
		<pose>Unspecified</pose>
		<truncated>0</truncated>
		<difficult>0</difficult>
		<bndbox>
			<xmin>81</xmin>
			<ymin>351</ymin>
			<xmax>130</xmax>
			<ymax>415</ymax>
		</bndbox>
	</object>
</annotation>