<annotation>
	<folder>raw_data_wheat_dh1</folder>
	<filename>20230215092730Preset126.jpg</filename>
	<path>C:\Users\ljt\Desktop\raw_data_wheat_dh1\20230215092730Preset126.jpg</path>
	<source>
		<database>Unknown</database>
	</source>
	<size>
		<width>512</width>
		<height>512</height>
		<depth>3</depth>
	</size>
	<segmented>0</segmented>
	<object>
		<name>tc</name>
		<pose>Unspecified</pose>
		<truncated>0</truncated>
		<difficult>0</difficult>
		<bndbox>
			<xmin>383</xmin>
			<ymin>387</ymin>
			<xmax>399</xmax>
			<ymax>434</ymax>
		</bndbox>
	</object>
	<object>
		<name>tc</name>
		<pose>Unspecified</pose>
		<truncated>0</truncated>
		<difficult>0</difficult>
		<bndbox>
			<xmin>423</xmin>
			<ymin>186</ymin>
			<xmax>443</xmax>
			<ymax>218</ymax>
		</bndbox>
	</object>
	</annotation>