<annotation>
	<folder>20220329191106_ch01&#39044;&#32622;&#28857;F2</folder>
	<filename>115.jpg</filename>
	<path>C:\Users\&#37073;&#36132;&#36132;\Desktop\bp2\0329_w1\w1\20220329191106_ch01&#39044;&#32622;&#28857;F2\115.jpg</path>
	<source>
		<database>Unknown</database>
	</source>
	<size>
		<width>512</width>
		<height>512</height>
		<depth>3</depth>
	</size>
	<segmented>0</segmented>
	<object>
		<name>tc</name>
		<pose>Unspecified</pose>
		<truncated>0</truncated>
		<difficult>0</difficult>
		<bndbox>
			<xmin>58</xmin>
			<ymin>12</ymin>
			<xmax>127</xmax>
			<ymax>109</ymax>
		</bndbox>
	</object>
</annotation>