<annotation>
	<folder>20220330164347_ch01&#39044;&#32622;&#28857;F12</folder>
	<filename>95.jpg</filename>
	<path>E:\&#26410;&#24402;&#26723;&#21306;\&#23475;&#34411;&#25968;&#25454;&#38598;\&#34411;&#23376;\bp6\20220330164347_ch01&#39044;&#32622;&#28857;F12\95.jpg</path>
	<source>
		<database>Unknown</database>
	</source>
	<size>
		<width>512</width>
		<height>512</height>
		<depth>3</depth>
	</size>
	<segmented>0</segmented>
	<object>
		<name>sz</name>
		<pose>Unspecified</pose>
		<truncated>0</truncated>
		<difficult>0</difficult>
		<bndbox>
			<xmin>232</xmin>
			<ymin>412</ymin>
			<xmax>297</xmax>
			<ymax>466</ymax>
		</bndbox>
	</object>
	</annotation>