<annotation>
	<folder>20220330111827_ch01&#39044;&#32622;&#28857;011</folder>
	<filename>5.jpg</filename>
	<path>F:\bp4\0330_lk_&#23567;&#30424;\20220330111827_ch01&#39044;&#32622;&#28857;011\5.jpg</path>
	<source>
		<database>Unknown</database>
	</source>
	<size>
		<width>512</width>
		<height>512</height>
		<depth>3</depth>
	</size>
	<segmented>0</segmented>
	<object>
		<name>os</name>
		<pose>Unspecified</pose>
		<truncated>0</truncated>
		<difficult>0</difficult>
		<bndbox>
			<xmin>337</xmin>
			<ymin>313</ymin>
			<xmax>445</xmax>
			<ymax>362</ymax>
		</bndbox>
	</object>
	</annotation>