<annotation>
	<folder>20220329175754_ch01&#39044;&#32622;&#28857;B1</folder>
	<filename>85.jpg</filename>
	<path>C:\Shreds\&#25968;&#25454;&#38598;\&#31532;&#20108;&#27425;\bp1\0329\n1\20220329175754_ch01&#39044;&#32622;&#28857;B1\85.jpg</path>
	<source>
		<database>Unknown</database>
	</source>
	<size>
		<width>512</width>
		<height>512</height>
		<depth>3</depth>
	</size>
	<segmented>0</segmented>
	<object>
		<name>sz</name>
		<pose>Unspecified</pose>
		<truncated>0</truncated>
		<difficult>0</difficult>
		<bndbox>
			<xmin>149</xmin>
			<ymin>338</ymin>
			<xmax>186</xmax>
			<ymax>402</ymax>
		</bndbox>
	</object>
</annotation>