<annotation>
	<folder>20220329183034_ch01&#39044;&#32622;&#28857;C5</folder>
	<filename>55.jpg</filename>
	<path>C:\Shreds\&#25968;&#25454;&#38598;\&#31532;&#20108;&#27425;\bp1\0329\n2\20220329183034_ch01&#39044;&#32622;&#28857;C5\55.jpg</path>
	<source>
		<database>Unknown</database>
	</source>
	<size>
		<width>512</width>
		<height>512</height>
		<depth>3</depth>
	</size>
	<segmented>0</segmented>
	<object>
		<name>sz</name>
		<pose>Unspecified</pose>
		<truncated>0</truncated>
		<difficult>0</difficult>
		<bndbox>
			<xmin>329</xmin>
			<ymin>155</ymin>
			<xmax>361</xmax>
			<ymax>191</ymax>
		</bndbox>
	</object>
</annotation>