<annotation>
	<folder>20220329190924_ch01&#39044;&#32622;&#28857;F4</folder>
	<filename>65.jpg</filename>
	<path>C:\Users\&#37073;&#36132;&#36132;\Desktop\bp2\0329_w1\w1\20220329190924_ch01&#39044;&#32622;&#28857;F4\65.jpg</path>
	<source>
		<database>Unknown</database>
	</source>
	<size>
		<width>512</width>
		<height>512</height>
		<depth>3</depth>
	</size>
	<segmented>0</segmented>
	<object>
		<name>tc</name>
		<pose>Unspecified</pose>
		<truncated>0</truncated>
		<difficult>0</difficult>
		<bndbox>
			<xmin>380</xmin>
			<ymin>412</ymin>
			<xmax>475</xmax>
			<ymax>465</ymax>
		</bndbox>
	</object>
</annotation>