<annotation verified="yes">
	<folder>20220329175252_ch01&#39044;&#32622;&#28857;0&#28857;</folder>
	<filename>70.jpg</filename>
	<path>C:\Shreds\&#25968;&#25454;&#38598;\&#31532;&#20108;&#27425;\bp1\0329\n1\20220329175252_ch01&#39044;&#32622;&#28857;0&#28857;\70.jpg</path>
	<source>
		<database>Unknown</database>
	</source>
	<size>
		<width>512</width>
		<height>512</height>
		<depth>3</depth>
	</size>
	<segmented>0</segmented>
	<object>
		<name>tc</name>
		<pose>Unspecified</pose>
		<truncated>0</truncated>
		<difficult>0</difficult>
		<bndbox>
			<xmin>189</xmin>
			<ymin>342</ymin>
			<xmax>208</xmax>
			<ymax>367</ymax>
		</bndbox>
	</object>
	</annotation>