<annotation>
	<folder>20220330155604_ch01&#39044;&#32622;&#28857;B5</folder>
	<filename>130.jpg</filename>
	<path>E:\&#26410;&#24402;&#26723;&#21306;\&#23475;&#34411;&#25968;&#25454;&#38598;\&#34411;&#23376;\bp8\20220330155604_ch01&#39044;&#32622;&#28857;B5\130.jpg</path>
	<source>
		<database>Unknown</database>
	</source>
	<size>
		<width>512</width>
		<height>512</height>
		<depth>3</depth>
	</size>
	<segmented>0</segmented>
	<object>
		<name>tc</name>
		<pose>Unspecified</pose>
		<truncated>0</truncated>
		<difficult>0</difficult>
		<bndbox>
			<xmin>436</xmin>
			<ymin>302</ymin>
			<xmax>469</xmax>
			<ymax>350</ymax>
		</bndbox>
	</object>
	</annotation>