<annotation>
	<folder>20220330172906_ch01&#39044;&#32622;&#28857;F6</folder>
	<filename>100.jpg</filename>
	<path>F:\&#35270;&#39057;\20220401&#65288;1585&#24352;&#65289;\bp7\0330_w3\&#23567;&#30424;\20220330172906_ch01&#39044;&#32622;&#28857;F6\100.jpg</path>
	<source>
		<database>Unknown</database>
	</source>
	<size>
		<width>512</width>
		<height>512</height>
		<depth>3</depth>
	</size>
	<segmented>0</segmented>
	<object>
		<name>sz</name>
		<pose>Unspecified</pose>
		<truncated>0</truncated>
		<difficult>0</difficult>
		<bndbox>
			<xmin>82</xmin>
			<ymin>246</ymin>
			<xmax>124</xmax>
			<ymax>318</ymax>
		</bndbox>
	</object>
	</annotation>