<annotation>
	<folder>20220330164029_ch01&#39044;&#32622;&#28857;E8</folder>
	<filename>5.jpg</filename>
	<path>E:\&#26410;&#24402;&#26723;&#21306;\&#23475;&#34411;&#25968;&#25454;&#38598;\&#34411;&#23376;\bp6\20220330164029_ch01&#39044;&#32622;&#28857;E8\5.jpg</path>
	<source>
		<database>Unknown</database>
	</source>
	<size>
		<width>512</width>
		<height>512</height>
		<depth>3</depth>
	</size>
	<segmented>0</segmented>
	<object>
		<name>sz</name>
		<pose>Unspecified</pose>
		<truncated>0</truncated>
		<difficult>0</difficult>
		<bndbox>
			<xmin>212</xmin>
			<ymin>197</ymin>
			<xmax>254</xmax>
			<ymax>232</ymax>
		</bndbox>
	</object>
</annotation>