<annotation>
	<folder>20220329175852_ch01&#39044;&#32622;&#28857;C2</folder>
	<filename>60.jpg</filename>
	<path>C:\Shreds\&#25968;&#25454;&#38598;\&#31532;&#20108;&#27425;\bp1\0329\n1\20220329175852_ch01&#39044;&#32622;&#28857;C2\60.jpg</path>
	<source>
		<database>Unknown</database>
	</source>
	<size>
		<width>512</width>
		<height>512</height>
		<depth>3</depth>
	</size>
	<segmented>0</segmented>
	<object>
		<name>sz</name>
		<pose>Unspecified</pose>
		<truncated>1</truncated>
		<difficult>1</difficult>
		<bndbox>
			<xmin>39</xmin>
			<ymin>1</ymin>
			<xmax>65</xmax>
			<ymax>32</ymax>
		</bndbox>
	</object>
	</annotation>