<annotation>
	<folder>1</folder>
	<filename>20230112132938Preset071.jpg</filename>
	<path>F:\&#24050;&#26680;&#39564;&#38738;&#30333;&#27743;&#22270;&#20687;&#25968;&#25454;\2023&#38738;&#30333;&#27743;\20230112-&#23567;&#40614;-&#24050;&#26631;&#35760;\1\20230112132938Preset071.jpg</path>
	<source>
		<database>Unknown</database>
	</source>
	<size>
		<width>512</width>
		<height>512</height>
		<depth>3</depth>
	</size>
	<segmented>0</segmented>
	<object>
		<name>rd</name>
		<pose>Unspecified</pose>
		<truncated>0</truncated>
		<difficult>0</difficult>
		<bndbox>
			<xmin>347</xmin>
			<ymin>256</ymin>
			<xmax>363</xmax>
			<ymax>271</ymax>
		</bndbox>
	</object>
	<object>
		<name>rd</name>
		<pose>Unspecified</pose>
		<truncated>0</truncated>
		<difficult>0</difficult>
		<bndbox>
			<xmin>363</xmin>
			<ymin>148</ymin>
			<xmax>384</xmax>
			<ymax>162</ymax>
		</bndbox>
	</object>
	<object>
		<name>rd</name>
		<pose>Unspecified</pose>
		<truncated>0</truncated>
		<difficult>0</difficult>
		<bndbox>
			<xmin>354</xmin>
			<ymin>58</ymin>
			<xmax>372</xmax>
			<ymax>72</ymax>
		</bndbox>
	</object>
	<object>
		<name>rd</name>
		<pose>Unspecified</pose>
		<truncated>0</truncated>
		<difficult>0</difficult>
		<bndbox>
			<xmin>57</xmin>
			<ymin>183</ymin>
			<xmax>71</xmax>
			<ymax>197</ymax>
		</bndbox>
	</object>
</annotation>