<annotation>
	<folder>20220329182729_ch01&#39044;&#32622;&#28857;B1</folder>
	<filename>195.jpg</filename>
	<path>C:\Users\97651\Desktop\&#23475;&#34411;&#22270;&#20687;&#25968;&#25454;\&#25968;&#25454;&#38598;version0\&#34917;&#25293;&#26631;&#27880;&#25968;&#25454;\0329-0330\bp1\0329\n2\20220329182729_ch01&#39044;&#32622;&#28857;B1\195.jpg</path>
	<source>
		<database>Unknown</database>
	</source>
	<size>
		<width>512</width>
		<height>512</height>
		<depth>3</depth>
	</size>
	<segmented>0</segmented>
	<object>
		<name>sz</name>
		<pose>Unspecified</pose>
		<truncated>0</truncated>
		<difficult>0</difficult>
		<bndbox>
			<xmin>22</xmin>
			<ymin>278</ymin>
			<xmax>49</xmax>
			<ymax>332</ymax>
		</bndbox>
	</object>
	<object>
		<name>sz</name>
		<pose>Unspecified</pose>
		<truncated>0</truncated>
		<difficult>0</difficult>
		<bndbox>
			<xmin>366</xmin>
			<ymin>395</ymin>
			<xmax>402</xmax>
			<ymax>474</ymax>
		</bndbox>
	</object>
	</annotation>