<annotation>
	<folder>20220330154001_ch01&#39044;&#32622;&#28857;004</folder>
	<filename>150.jpg</filename>
	<path>d:\Users\hp\Desktop\bp6\0330_lk_&#23567;&#30424;\20220330154001_ch01&#39044;&#32622;&#28857;004\150.jpg</path>
	<source>
		<database>Unknown</database>
	</source>
	<size>
		<width>512</width>
		<height>512</height>
		<depth>3</depth>
	</size>
	<segmented>0</segmented>
	<object>
		<name>sz</name>
		<pose>Unspecified</pose>
		<truncated>1</truncated>
		<difficult>1</difficult>
		<bndbox>
			<xmin>466</xmin>
			<ymin>49</ymin>
			<xmax>512</xmax>
			<ymax>103</ymax>
		</bndbox>
	</object>
</annotation>