<annotation>
	<folder>20220330160928_ch01&#39044;&#32622;&#28857;D1</folder>
	<filename>170.jpg</filename>
	<path>D:\Label\bp8\0330_&#20869;&#22280;&#25237;&#34411;&#21518;&#31532;&#20108;&#36718;\&#20869;&#22280;&#25237;&#34411;&#21518;&#31532;&#20108;&#36718;\&#23567;&#30424;\20220330160928_ch01&#39044;&#32622;&#28857;D1\170.jpg</path>
	<source>
		<database>Unknown</database>
	</source>
	<size>
		<width>512</width>
		<height>512</height>
		<depth>3</depth>
	</size>
	<segmented>0</segmented>
	<object>
		<name>sz</name>
		<pose>Unspecified</pose>
		<truncated>0</truncated>
		<difficult>0</difficult>
		<bndbox>
			<xmin>69</xmin>
			<ymin>17</ymin>
			<xmax>121</xmax>
			<ymax>46</ymax>
		</bndbox>
	</object>
</annotation>