<annotation>
	<folder>raw_data</folder>
	<filename>20230215154430Preset095.jpg</filename>
	<path>C:\Users\ljt\Desktop\raw_data\20230215154430Preset095.jpg</path>
	<source>
		<database>Unknown</database>
	</source>
	<size>
		<width>512</width>
		<height>512</height>
		<depth>3</depth>
	</size>
	<segmented>0</segmented>
	<object>
		<name>rd</name>
		<pose>Unspecified</pose>
		<truncated>0</truncated>
		<difficult>0</difficult>
		<bndbox>
			<xmin>328</xmin>
			<ymin>167</ymin>
			<xmax>374</xmax>
			<ymax>184</ymax>
		</bndbox>
	</object>
	<object>
		<name>rd</name>
		<pose>Unspecified</pose>
		<truncated>0</truncated>
		<difficult>0</difficult>
		<bndbox>
			<xmin>430</xmin>
			<ymin>70</ymin>
			<xmax>459</xmax>
			<ymax>101</ymax>
		</bndbox>
	</object>
	<object>
		<name>rd</name>
		<pose>Unspecified</pose>
		<truncated>0</truncated>
		<difficult>0</difficult>
		<bndbox>
			<xmin>391</xmin>
			<ymin>169</ymin>
			<xmax>422</xmax>
			<ymax>197</ymax>
		</bndbox>
	</object>
</annotation>