<annotation>
	<folder>2022&#38738;&#30333;&#27743;</folder>
	<filename>017622.jpg</filename>
	<path>F:\2022&#38738;&#30333;&#27743;\017622.jpg</path>
	<source>
		<database>Unknown</database>
	</source>
	<size>
		<width>512</width>
		<height>512</height>
		<depth>3</depth>
	</size>
	<segmented>0</segmented>
	<object>
		<name>rd</name>
		<pose>Unspecified</pose>
		<truncated>0</truncated>
		<difficult>0</difficult>
		<bndbox>
			<xmin>330</xmin>
			<ymin>288</ymin>
			<xmax>359</xmax>
			<ymax>307</ymax>
		</bndbox>
	</object>
	<object>
		<name>rd</name>
		<pose>Unspecified</pose>
		<truncated>0</truncated>
		<difficult>0</difficult>
		<bndbox>
			<xmin>146</xmin>
			<ymin>454</ymin>
			<xmax>176</xmax>
			<ymax>472</ymax>
		</bndbox>
	</object>
</annotation>