<annotation>
	<folder>20220330170414_ch01&#39044;&#32622;&#28857;E8</folder>
	<filename>210.jpg</filename>
	<path>F:\&#35270;&#39057;\20220401&#65288;1585&#24352;&#65289;\bp7\0330_w2_&#23567;&#30424;\20220330170414_ch01&#39044;&#32622;&#28857;E8\210.jpg</path>
	<source>
		<database>Unknown</database>
	</source>
	<size>
		<width>512</width>
		<height>512</height>
		<depth>3</depth>
	</size>
	<segmented>0</segmented>
	<object>
		<name>sz</name>
		<pose>Unspecified</pose>
		<truncated>0</truncated>
		<difficult>0</difficult>
		<bndbox>
			<xmin>270</xmin>
			<ymin>142</ymin>
			<xmax>340</xmax>
			<ymax>242</ymax>
		</bndbox>
	</object>
</annotation>