<annotation>
	<folder>20220330153239_ch01&#39044;&#32622;&#28857;D3</folder>
	<filename>160.jpg</filename>
	<path>D:\Label\bp8\0330_&#20869;&#22280;&#25237;&#34411;&#21518;&#31532;&#19968;&#36718;\&#23567;&#30424;\20220330153239_ch01&#39044;&#32622;&#28857;D3\160.jpg</path>
	<source>
		<database>Unknown</database>
	</source>
	<size>
		<width>512</width>
		<height>512</height>
		<depth>3</depth>
	</size>
	<segmented>0</segmented>
	<object>
		<name>sz</name>
		<pose>Unspecified</pose>
		<truncated>0</truncated>
		<difficult>0</difficult>
		<bndbox>
			<xmin>96</xmin>
			<ymin>389</ymin>
			<xmax>196</xmax>
			<ymax>453</ymax>
		</bndbox>
	</object>
</annotation>