<annotation>
	<folder>20220330105818_ch01&#39044;&#32622;&#28857;011</folder>
	<filename>5.jpg</filename>
	<path>F:\bp4\0330_lk_&#23567;&#30424;\20220330105818_ch01&#39044;&#32622;&#28857;011\5.jpg</path>
	<source>
		<database>Unknown</database>
	</source>
	<size>
		<width>512</width>
		<height>512</height>
		<depth>3</depth>
	</size>
	<segmented>0</segmented>
	<object>
		<name>os</name>
		<pose>Unspecified</pose>
		<truncated>0</truncated>
		<difficult>0</difficult>
		<bndbox>
			<xmin>141</xmin>
			<ymin>162</ymin>
			<xmax>214</xmax>
			<ymax>232</ymax>
		</bndbox>
	</object>
	<object>
		<name>os</name>
		<pose>Unspecified</pose>
		<truncated>0</truncated>
		<difficult>0</difficult>
		<bndbox>
			<xmin>379</xmin>
			<ymin>142</ymin>
			<xmax>409</xmax>
			<ymax>213</ymax>
		</bndbox>
	</object>
	<object>
		<name>os</name>
		<pose>Unspecified</pose>
		<truncated>0</truncated>
		<difficult>0</difficult>
		<bndbox>
			<xmin>416</xmin>
			<ymin>147</ymin>
			<xmax>465</xmax>
			<ymax>213</ymax>
		</bndbox>
	</object>
	<object>
		<name>os</name>
		<pose>Unspecified</pose>
		<truncated>0</truncated>
		<difficult>0</difficult>
		<bndbox>
			<xmin>354</xmin>
			<ymin>219</ymin>
			<xmax>448</xmax>
			<ymax>257</ymax>
		</bndbox>
	</object>
</annotation>