<annotation>
	<folder>20220329190149_ch01&#39044;&#32622;&#28857;E11</folder>
	<filename>85.jpg</filename>
	<path>C:\Users\97651\Desktop\&#23475;&#34411;&#22270;&#20687;&#25968;&#25454;\&#25968;&#25454;&#38598;version0\&#34917;&#25293;&#26631;&#27880;&#25968;&#25454;\0329-0330\bp2\20220329190149_ch01&#39044;&#32622;&#28857;E11\85.jpg</path>
	<source>
		<database>Unknown</database>
	</source>
	<size>
		<width>512</width>
		<height>512</height>
		<depth>3</depth>
	</size>
	<segmented>0</segmented>
	<object>
		<name>rd</name>
		<pose>Unspecified</pose>
		<truncated>0</truncated>
		<difficult>0</difficult>
		<bndbox>
			<xmin>201</xmin>
			<ymin>89</ymin>
			<xmax>276</xmax>
			<ymax>162</ymax>
		</bndbox>
	</object>
	<object>
		<name>rd</name>
		<pose>Unspecified</pose>
		<truncated>0</truncated>
		<difficult>0</difficult>
		<bndbox>
			<xmin>423</xmin>
			<ymin>81</ymin>
			<xmax>497</xmax>
			<ymax>152</ymax>
		</bndbox>
	</object>
</annotation>