<annotation>
	<folder>20220330162808_ch01&#39044;&#32622;&#28857;E5</folder>
	<filename>15.jpg</filename>
	<path>d:\Users\hp\Desktop\bp6\0330_w1\w1\20220330162808_ch01&#39044;&#32622;&#28857;E5\15.jpg</path>
	<source>
		<database>Unknown</database>
	</source>
	<size>
		<width>512</width>
		<height>512</height>
		<depth>3</depth>
	</size>
	<segmented>0</segmented>
	<object>
		<name>sz</name>
		<pose>Unspecified</pose>
		<truncated>0</truncated>
		<difficult>1</difficult>
		<bndbox>
			<xmin>87</xmin>
			<ymin>39</ymin>
			<xmax>150</xmax>
			<ymax>111</ymax>
		</bndbox>
	</object>
	</annotation>