<annotation>
	<folder>20220329193406_ch01&#39044;&#32622;&#28857;F2</folder>
	<filename>65.jpg</filename>
	<path>F:\&#25104;&#37117;&#20648;&#31918;&#38498;\bp3\0329_W2\w2\20220329193406_ch01&#39044;&#32622;&#28857;F2\65.jpg</path>
	<source>
		<database>Unknown</database>
	</source>
	<size>
		<width>512</width>
		<height>512</height>
		<depth>3</depth>
	</size>
	<segmented>0</segmented>
	<object>
		<name>sz</name>
		<pose>Unspecified</pose>
		<truncated>0</truncated>
		<difficult>0</difficult>
		<bndbox>
			<xmin>104</xmin>
			<ymin>133</ymin>
			<xmax>262</xmax>
			<ymax>200</ymax>
		</bndbox>
	</object>
</annotation>