<annotation>
	<folder>20220330163852_ch01&#39044;&#32622;&#28857;E6</folder>
	<filename>110.jpg</filename>
	<path>E:\&#26410;&#24402;&#26723;&#21306;\&#23475;&#34411;&#25968;&#25454;&#38598;\&#34411;&#23376;\bp6\20220330163852_ch01&#39044;&#32622;&#28857;E6\110.jpg</path>
	<source>
		<database>Unknown</database>
	</source>
	<size>
		<width>512</width>
		<height>512</height>
		<depth>3</depth>
	</size>
	<segmented>0</segmented>
	<object>
		<name>os</name>
		<pose>Unspecified</pose>
		<truncated>0</truncated>
		<difficult>1</difficult>
		<bndbox>
			<xmin>26</xmin>
			<ymin>30</ymin>
			<xmax>67</xmax>
			<ymax>86</ymax>
		</bndbox>
	</object>
	</annotation>