<annotation>
	<folder>20220329183232_ch01&#39044;&#32622;&#28857;D9</folder>
	<filename>245.jpg</filename>
	<path>C:\Shreds\&#25968;&#25454;&#38598;\&#31532;&#20108;&#27425;\bp1\0329\n2\20220329183232_ch01&#39044;&#32622;&#28857;D9\245.jpg</path>
	<source>
		<database>Unknown</database>
	</source>
	<size>
		<width>512</width>
		<height>512</height>
		<depth>3</depth>
	</size>
	<segmented>0</segmented>
	<object>
		<name>sz</name>
		<pose>Unspecified</pose>
		<truncated>0</truncated>
		<difficult>0</difficult>
		<bndbox>
			<xmin>263</xmin>
			<ymin>80</ymin>
			<xmax>297</xmax>
			<ymax>128</ymax>
		</bndbox>
	</object>
</annotation>