<annotation>
	<folder>20220330162808_ch01&#39044;&#32622;&#28857;E5</folder>
	<filename>10.jpg</filename>
	<path>D:\User\Desktop\&#34411;&#23376;\bp6\20220330162808_ch01&#39044;&#32622;&#28857;E5\10.jpg</path>
	<source>
		<database>Unknown</database>
	</source>
	<size>
		<width>512</width>
		<height>512</height>
		<depth>3</depth>
	</size>
	<segmented>0</segmented>
	<object>
		<name>sz</name>
		<pose>Unspecified</pose>
		<truncated>0</truncated>
		<difficult>1</difficult>
		<bndbox>
			<xmin>311</xmin>
			<ymin>88</ymin>
			<xmax>383</xmax>
			<ymax>142</ymax>
		</bndbox>
	</object>
	<object>
		<name>sz</name>
		<pose>Unspecified</pose>
		<truncated>1</truncated>
		<difficult>0</difficult>
		<bndbox>
			<xmin>339</xmin>
			<ymin>1</ymin>
			<xmax>408</xmax>
			<ymax>42</ymax>
		</bndbox>
	</object>
</annotation>