<annotation>
	<folder>raw_data</folder>
	<filename>20230215144707Preset034.jpg</filename>
	<path>C:\Users\wangxvxv0522\Desktop\aaa\202302151441_corn_dh2\raw_data\20230215144707Preset034.jpg</path>
	<source>
		<database>Unknown</database>
	</source>
	<size>
		<width>512</width>
		<height>512</height>
		<depth>3</depth>
	</size>
	<segmented>0</segmented>
	<object>
		<name>tc</name>
		<pose>Unspecified</pose>
		<truncated>0</truncated>
		<difficult>0</difficult>
		<bndbox>
			<xmin>331</xmin>
			<ymin>450</ymin>
			<xmax>366</xmax>
			<ymax>498</ymax>
		</bndbox>
	</object>
</annotation>