<annotation>
	<folder>20220330153031_ch01&#39044;&#32622;&#28857;D6</folder>
	<filename>210.jpg</filename>
	<path>E:\&#26410;&#24402;&#26723;&#21306;\&#23475;&#34411;&#25968;&#25454;&#38598;\&#34411;&#23376;\bp9\20220330153031_ch01&#39044;&#32622;&#28857;D6\210.jpg</path>
	<source>
		<database>Unknown</database>
	</source>
	<size>
		<width>512</width>
		<height>512</height>
		<depth>3</depth>
	</size>
	<segmented>0</segmented>
	<object>
		<name>tc</name>
		<pose>Unspecified</pose>
		<truncated>0</truncated>
		<difficult>0</difficult>
		<bndbox>
			<xmin>389</xmin>
			<ymin>239</ymin>
			<xmax>434</xmax>
			<ymax>284</ymax>
		</bndbox>
	</object>
</annotation>