<annotation>
	<folder>20220330163942_ch01&#39044;&#32622;&#28857;E7</folder>
	<filename>50.jpg</filename>
	<path>d:\Users\hp\Desktop\bp6\0330_w1\w1\20220330163942_ch01&#39044;&#32622;&#28857;E7\50.jpg</path>
	<source>
		<database>Unknown</database>
	</source>
	<size>
		<width>512</width>
		<height>512</height>
		<depth>3</depth>
	</size>
	<segmented>0</segmented>
	<object>
		<name>sz</name>
		<pose>Unspecified</pose>
		<truncated>0</truncated>
		<difficult>0</difficult>
		<bndbox>
			<xmin>7</xmin>
			<ymin>225</ymin>
			<xmax>77</xmax>
			<ymax>312</ymax>
		</bndbox>
	</object>
	<object>
		<name>sz</name>
		<pose>Unspecified</pose>
		<truncated>0</truncated>
		<difficult>0</difficult>
		<bndbox>
			<xmin>351</xmin>
			<ymin>286</ymin>
			<xmax>449</xmax>
			<ymax>335</ymax>
		</bndbox>
	</object>
</annotation>