<annotation>
	<folder>20220330160358_ch01&#39044;&#32622;&#28857;D9</folder>
	<filename>20.jpg</filename>
	<path>E:\&#26410;&#24402;&#26723;&#21306;\&#23475;&#34411;&#25968;&#25454;&#38598;\&#34411;&#23376;\bp8\20220330160358_ch01&#39044;&#32622;&#28857;D9\20.jpg</path>
	<source>
		<database>Unknown</database>
	</source>
	<size>
		<width>512</width>
		<height>512</height>
		<depth>3</depth>
	</size>
	<segmented>0</segmented>
	<object>
		<name>sz</name>
		<pose>Unspecified</pose>
		<truncated>0</truncated>
		<difficult>0</difficult>
		<bndbox>
			<xmin>108</xmin>
			<ymin>127</ymin>
			<xmax>145</xmax>
			<ymax>182</ymax>
		</bndbox>
	</object>
	</annotation>