<annotation>
	<folder>20220330152558_ch01&#39044;&#32622;&#28857;010(so)</folder>
	<filename>10.jpg</filename>
	<path>C:\Users\97651\Desktop\&#23475;&#34411;&#22270;&#20687;&#25968;&#25454;\&#25968;&#25454;&#38598;version0\&#34917;&#25293;&#26631;&#27880;&#25968;&#25454;\0329-0330\bp5\0330_lk_&#23567;&#30424;\20220330152558_ch01&#39044;&#32622;&#28857;010(so)\10.jpg</path>
	<source>
		<database>Unknown</database>
	</source>
	<size>
		<width>512</width>
		<height>512</height>
		<depth>3</depth>
	</size>
	<segmented>0</segmented>
	<object>
		<name>sz</name>
		<pose>Unspecified</pose>
		<truncated>0</truncated>
		<difficult>0</difficult>
		<bndbox>
			<xmin>318</xmin>
			<ymin>162</ymin>
			<xmax>370</xmax>
			<ymax>211</ymax>
		</bndbox>
	</object>
</annotation>