<annotation>
	<folder>20220330154317_ch01&#39044;&#32622;&#28857;008</folder>
	<filename>240.jpg</filename>
	<path>D:\User\Desktop\&#34411;&#23376;\bp6\20220330154317_ch01&#39044;&#32622;&#28857;008\240.jpg</path>
	<source>
		<database>Unknown</database>
	</source>
	<size>
		<width>512</width>
		<height>512</height>
		<depth>3</depth>
	</size>
	<segmented>0</segmented>
	<object>
		<name>sz</name>
		<pose>Unspecified</pose>
		<truncated>0</truncated>
		<difficult>0</difficult>
		<bndbox>
			<xmin>253</xmin>
			<ymin>222</ymin>
			<xmax>311</xmax>
			<ymax>275</ymax>
		</bndbox>
	</object>
	<object>
		<name>sz</name>
		<pose>Unspecified</pose>
		<truncated>0</truncated>
		<difficult>1</difficult>
		<bndbox>
			<xmin>235</xmin>
			<ymin>205</ymin>
			<xmax>298</xmax>
			<ymax>238</ymax>
		</bndbox>
	</object>
	<object>
		<name>sz</name>
		<pose>Unspecified</pose>
		<truncated>0</truncated>
		<difficult>0</difficult>
		<bndbox>
			<xmin>238</xmin>
			<ymin>359</ymin>
			<xmax>288</xmax>
			<ymax>425</ymax>
		</bndbox>
	</object>
	<object>
		<name>sz</name>
		<pose>Unspecified</pose>
		<truncated>0</truncated>
		<difficult>0</difficult>
		<bndbox>
			<xmin>48</xmin>
			<ymin>275</ymin>
			<xmax>88</xmax>
			<ymax>344</ymax>
		</bndbox>
	</object>
	</annotation>