<annotation>
	<folder>20220329175852_ch01&#39044;&#32622;&#28857;C2</folder>
	<filename>55.jpg</filename>
	<path>C:\Shreds\&#25968;&#25454;&#38598;\&#31532;&#20108;&#27425;\bp1\0329\n1\20220329175852_ch01&#39044;&#32622;&#28857;C2\55.jpg</path>
	<source>
		<database>Unknown</database>
	</source>
	<size>
		<width>512</width>
		<height>512</height>
		<depth>3</depth>
	</size>
	<segmented>0</segmented>
	<object>
		<name>sz</name>
		<pose>Unspecified</pose>
		<truncated>0</truncated>
		<difficult>0</difficult>
		<bndbox>
			<xmin>373</xmin>
			<ymin>91</ymin>
			<xmax>431</xmax>
			<ymax>140</ymax>
		</bndbox>
	</object>
	<object>
		<name>sz</name>
		<pose>Unspecified</pose>
		<truncated>0</truncated>
		<difficult>1</difficult>
		<bndbox>
			<xmin>156</xmin>
			<ymin>146</ymin>
			<xmax>215</xmax>
			<ymax>205</ymax>
		</bndbox>
	</object>
</annotation>