<annotation>
	<folder>20220330105818_ch01&#39044;&#32622;&#28857;011</folder>
	<filename>190.jpg</filename>
	<path>F:\bp4\0330_lk_&#23567;&#30424;\20220330105818_ch01&#39044;&#32622;&#28857;011\190.jpg</path>
	<source>
		<database>Unknown</database>
	</source>
	<size>
		<width>512</width>
		<height>512</height>
		<depth>3</depth>
	</size>
	<segmented>0</segmented>
	<object>
		<name>os</name>
		<pose>Unspecified</pose>
		<truncated>0</truncated>
		<difficult>0</difficult>
		<bndbox>
			<xmin>360</xmin>
			<ymin>145</ymin>
			<xmax>398</xmax>
			<ymax>227</ymax>
		</bndbox>
	</object>
	<object>
		<name>os</name>
		<pose>Unspecified</pose>
		<truncated>0</truncated>
		<difficult>0</difficult>
		<bndbox>
			<xmin>407</xmin>
			<ymin>166</ymin>
			<xmax>464</xmax>
			<ymax>244</ymax>
		</bndbox>
	</object>
	</annotation>