<annotation>
	<folder>raw_data</folder>
	<filename>20230202112654Preset004.jpg</filename>
	<path>D:\&#25104;&#37117;&#38498;&#31918;&#38754;&#27979;&#34411;&#39033;&#30446;\&#25104;&#37117;&#38498;&#23475;&#34411;&#25968;&#25454;&#38598;\&#38738;&#30333;&#27743;\&#24050;&#26680;&#39564;&#26631;&#35760;&#22270;&#20687;&#25968;&#25454;\2023&#38738;&#30333;&#27743;&#24050;&#23457;&#26680;\&#31291;&#35895;&#27963;&#34411;&#32032;&#26448;2\7-[&#28023;&#24247;&#29699;&#26426;][&#29699;&#26426;&#39640;&#24230;161cm][&#38160;&#24230;0][&#22235;&#20998;&#20043;&#19968;&#22278;][&#29577;&#31859;][&#31291;&#35895;]\raw_data\20230202112654Preset004.jpg</path>
	<source>
		<database>Unknown</database>
	</source>
	<size>
		<width>512</width>
		<height>512</height>
		<depth>3</depth>
	</size>
	<segmented>0</segmented>
	<object>
		<name>tc</name>
		<pose>Unspecified</pose>
		<truncated>0</truncated>
		<difficult>0</difficult>
		<bndbox>
			<xmin>326</xmin>
			<ymin>360</ymin>
			<xmax>358</xmax>
			<ymax>383</ymax>
		</bndbox>
	</object>
	</annotation>