<annotation>
	<folder>raw_data_wheat_dh2</folder>
	<filename>20230215094008Preset022.jpg</filename>
	<path>F:\2021-5#&#20013;&#20648;&#31918;&#38598;&#22242;&#20844;&#21496;&#39033;&#30446;&#8220;&#22522;&#20110;&#20154;&#24037;&#26234;&#33021;&#21644;&#22823;&#25968;&#25454;&#25216;&#26415;&#30340;&#31918;&#24211;&#35270;&#39057;&#30417;&#25511;&#25216;&#26415;&#21319;&#32423;&#8221;\&#23475;&#34411;&#26631;&#27880;\&#28201;&#24030;&#30452;&#23646;&#24211;-&#35270;&#39057;&#35782;&#21035;&#32467;&#26524;&#32032;&#26448;\20230215\&#21271;&#37038;&#26631;&#35760;\&#28201;&#24030;&#24211;18&#21495;&#20179;&#24050;&#26631;&#27880;&#24453;&#23457;&#26680;-0222\raw_data_wheat_dh2\20230215094008Preset022.jpg</path>
	<source>
		<database>Unknown</database>
	</source>
	<size>
		<width>512</width>
		<height>512</height>
		<depth>3</depth>
	</size>
	<segmented>0</segmented>
	<object>
		<name>tc</name>
		<pose>Unspecified</pose>
		<truncated>0</truncated>
		<difficult>0</difficult>
		<bndbox>
			<xmin>31</xmin>
			<ymin>96</ymin>
			<xmax>86</xmax>
			<ymax>149</ymax>
		</bndbox>
	</object>
	<object>
		<name>rd</name>
		<pose>Unspecified</pose>
		<truncated>0</truncated>
		<difficult>0</difficult>
		<bndbox>
			<xmin>37</xmin>
			<ymin>46</ymin>
			<xmax>70</xmax>
			<ymax>83</ymax>
		</bndbox>
	</object>
	<object>
		<name>tc</name>
		<pose>Unspecified</pose>
		<truncated>0</truncated>
		<difficult>0</difficult>
		<bndbox>
			<xmin>63</xmin>
			<ymin>63</ymin>
			<xmax>110</xmax>
			<ymax>89</ymax>
		</bndbox>
	</object>
	<object>
		<name>tc</name>
		<pose>Unspecified</pose>
		<truncated>0</truncated>
		<difficult>0</difficult>
		<bndbox>
			<xmin>302</xmin>
			<ymin>170</ymin>
			<xmax>345</xmax>
			<ymax>201</ymax>
		</bndbox>
	</object>
	<object>
		<name>rd</name>
		<pose>Unspecified</pose>
		<truncated>0</truncated>
		<difficult>0</difficult>
		<bndbox>
			<xmin>414</xmin>
			<ymin>189</ymin>
			<xmax>442</xmax>
			<ymax>224</ymax>
		</bndbox>
	</object>
	<object>
		<name>rd</name>
		<pose>Unspecified</pose>
		<truncated>0</truncated>
		<difficult>0</difficult>
		<bndbox>
			<xmin>296</xmin>
			<ymin>325</ymin>
			<xmax>344</xmax>
			<ymax>353</ymax>
		</bndbox>
	</object>
	<object>
		<name>tc</name>
		<pose>Unspecified</pose>
		<truncated>0</truncated>
		<difficult>0</difficult>
		<bndbox>
			<xmin>323</xmin>
			<ymin>394</ymin>
			<xmax>348</xmax>
			<ymax>434</ymax>
		</bndbox>
	</object>
</annotation>