<annotation>
	<folder>raw_data</folder>
	<filename>20230215154951Preset126.jpg</filename>
	<path>C:\Users\ljt\Desktop\raw_data\20230215154951Preset126.jpg</path>
	<source>
		<database>Unknown</database>
	</source>
	<size>
		<width>512</width>
		<height>512</height>
		<depth>3</depth>
	</size>
	<segmented>0</segmented>
	<object>
		<name>rd</name>
		<pose>Unspecified</pose>
		<truncated>0</truncated>
		<difficult>0</difficult>
		<bndbox>
			<xmin>324</xmin>
			<ymin>142</ymin>
			<xmax>354</xmax>
			<ymax>163</ymax>
		</bndbox>
	</object>
	<object>
		<name>rd</name>
		<pose>Unspecified</pose>
		<truncated>0</truncated>
		<difficult>0</difficult>
		<bndbox>
			<xmin>339</xmin>
			<ymin>51</ymin>
			<xmax>367</xmax>
			<ymax>75</ymax>
		</bndbox>
	</object>
	</annotation>