<annotation>
	<folder>20220330163852_ch01&#39044;&#32622;&#28857;E6</folder>
	<filename>185.jpg</filename>
	<path>d:\Users\hp\Desktop\bp6\0330_w1\w1\20220330163852_ch01&#39044;&#32622;&#28857;E6\185.jpg</path>
	<source>
		<database>Unknown</database>
	</source>
	<size>
		<width>512</width>
		<height>512</height>
		<depth>3</depth>
	</size>
	<segmented>0</segmented>
	<object>
		<name>os</name>
		<pose>Unspecified</pose>
		<truncated>0</truncated>
		<difficult>1</difficult>
		<bndbox>
			<xmin>100</xmin>
			<ymin>339</ymin>
			<xmax>149</xmax>
			<ymax>415</ymax>
		</bndbox>
	</object>
	</annotation>