<annotation>
	<folder>raw_data</folder>
	<filename>20230215154226Preset083.jpg</filename>
	<path>C:\Users\ljt\Desktop\raw_data\20230215154226Preset083.jpg</path>
	<source>
		<database>Unknown</database>
	</source>
	<size>
		<width>512</width>
		<height>512</height>
		<depth>3</depth>
	</size>
	<segmented>0</segmented>
	<object>
		<name>cf</name>
		<pose>Unspecified</pose>
		<truncated>0</truncated>
		<difficult>0</difficult>
		<bndbox>
			<xmin>169</xmin>
			<ymin>217</ymin>
			<xmax>220</xmax>
			<ymax>263</ymax>
		</bndbox>
	</object>
	</annotation>